id,name,vendor,type,segment,condition,warranty_tag,cpu,ram,ssd,gpu,screen,price,compare_at,stock_tracked,qty,url
45038099,Bàn Di Chuột Razer 20*25*2mm- LAPTOPTV,Linh Kiện,Linh Kiện,Linh Kiện,?,,,,,Intel Graphics,,25000,32000,no,0,https://laptoptv.vn/ban-di-chuot-razer-20-25-2mm-laptoptv
44957616,"Dây nguồn sạc Laptop giá rẻ (2 chân, 3 chân)",Linh Kiện,Linh Kiện,Linh Kiện,?,,,,,Intel Graphics,,50000,80000,no,0,https://laptoptv.vn/day-nguon-sac-laptop-gia-re
44967107,Cáp HDMI-HDMI 4K SENIKO 1.5M Chính hãng,Linh Kiện,Linh Kiện,Linh Kiện,?,,,,,Intel Graphics,,86000,120000,no,0,https://laptoptv.vn/cap-hdmi-hdmi-4k-seniko-1-5m-chinh-hang
44966965,Cáp chuyển đổi HDMI sang VGA MT- ViKi,Linh Kiện,Linh Kiện,Linh Kiện,?,,,,,Intel Graphics,,147000,199000,no,0,https://laptoptv.vn/cap-chuyen-doi-hdmi-sang-vga-mt-viki
44966794,Cáp chuyển đổi USB Type C sang cổng HDMI - Hỗ trợ độ phân giải 4k,Linh Kiện,Linh Kiện,Linh Kiện,?,,,,,Intel Graphics,,148000,198000,no,0,https://laptoptv.vn/cap-chuyen-doi-usb-3-1-type-c-sang-cong-hdmi-ho-tro-do-phan-giai-4k
44984304,USB Thu WIFI cho Laptop/PC-  LB-LINK 151 N150Mbps,,,?,?,,,,,Intel Graphics,,150000,229000,no,0,https://laptoptv.vn/usb-thu-wifi-cho-laptop-pc-lb-link-151-n150mbps
44981438,Hộp đựng cổ cứng ORICO 2.5inch - USB 3.0 HDD/SSD,Linh Kiện,Linh Kiện,Linh Kiện,?,,,,,Intel Graphics,,150000,209000,no,0,https://laptoptv.vn/hop-dung-co-cung-orico-2-5inch-usb-3-0-dung-o-cung-hdd-ssd
44980191,Bàn phím Golden Field KG108,Linh Kiện,Linh Kiện,Linh Kiện,?,,,,,Intel Graphics,,150000,199000,no,0,https://laptoptv.vn/ban-phim-golden-field-kg108
44959681,Chuột Laptop Gaming giá rẻ Consie Dareu LM103 Black (USB /Đen),Linh Kiện,Linh Kiện,Linh Kiện,?,,,,,Intel Graphics,,150000,260000,no,0,https://laptoptv.vn/chuot-gaming-gia-re-usb-consie-dareu-lm103-black-den
44958225,Chuột Laptop không dây USB LAPOP RM40 Giá rẻ,Linh Kiện,Linh Kiện,Linh Kiện,?,,,,,Intel Graphics,,150000,230000,no,0,https://laptoptv.vn/chuot-laptop-khong-day-lapop-rm40-gia-re
44955258,USB WIFI TP-LINK TL-WN725N Wireless 150Mbps,TP Link,,?,?,,,,,Intel Graphics,,165000,255000,no,0,https://laptoptv.vn/usb-wifi-tp-link-tl-wn725n-wireless-150mbps
44967396,Bàn phím có dây Dareu LK185 Giá rẻ,Linh Kiện,Linh Kiện,Linh Kiện,?,,,,,Intel Graphics,,179000,268000,no,0,https://laptoptv.vn/ban-phim-co-day-dareu-lk185-gia-re
44985263,Bộ chuyển đổi 1 HDMI thành 2- Bộ chia cổng HDMI SPlitter 1x2,Linh Kiện,Linh Kiện,Linh Kiện,?,,,,,Intel Graphics,,189000,225000,no,0,https://laptoptv.vn/chuyen-doi-1-hdmi-thanh-2-bo-chia-cong-hdmi-splitter-1x2
44962768,USB Hiksemi 32GB USB3.2 E301 Màu Xám (HS-USB-E301 32G U3),Linh Kiện,Linh Kiện,Linh Kiện,?,,,,,Intel Graphics,,200000,298000,no,0,https://laptoptv.vn/usb-hiksemi-32gb-usb3-2-e301-mau-xam-hs-usb-e301-32g-u3
44712631,Chuột Logitech B100,Linh Kiện,Linh Kiện,Linh Kiện,?,,,,,Intel Graphics,,200000,200000,no,0,https://laptoptv.vn/chuot-logitech-b100
44984515,Tai nghe Gaming ARIGATO 7.1 USB + Có MIC + Led RGB,Linh Kiện,Linh Kiện,Linh Kiện,?,,,,,Intel Graphics,,248000,299000,no,0,https://laptoptv.vn/tai-nghe-gaming-arigato-7-1-usb-co-mic
45037850,Cặp đựng Laptop chống shock có quai xách - TV,Linh Kiện,Linh Kiện,Linh Kiện,?,,,,,Intel Graphics,,250000,268000,no,0,https://laptoptv.vn/cap-dung-laptop-chong-shock-co-quai-xach-tv
44967558,Bàn phím Fuhlen L411 (USB/Màu đen),Linh Kiện,Linh Kiện,Linh Kiện,?,,,,,Intel Graphics,,250000,320000,no,0,https://laptoptv.vn/ban-phim-fuhlen-l411-usb-mau-den
44964298,Chuột Fuhlen M70s không dây- Chính hãng,Linh Kiện,Linh Kiện,Linh Kiện,?,,,,,Intel Graphics,,250000,289000,no,0,https://laptoptv.vn/chuot-fuhlen-m70s-khong-day-chinh-hang
44960769,Chuột Fuhlen L102 Màu Đen- Có dây [Chính hãng],Linh Kiện,Linh Kiện,Linh Kiện,?,,,,,Intel Graphics,,250000,340000,no,0,https://laptoptv.vn/chuot-fuhlen-l102-mau-den-co-day-chinh-hang
44996251,Balo chống Shock cho Laptop - Thịnh Vượng,Linh Kiện,Linh Kiện,Linh Kiện,?,,,,,Intel Graphics,,350000,380000,no,0,https://laptoptv.vn/balo-chong-shock-laptop-thinh-vuong
44968566,Cổng Chuyển Hub 4in1 USB-C To VGA + USB + PD + HDMI Hỗ trợ 4K,Linh Kiện,Linh Kiện,Linh Kiện,?,,,,,Intel Graphics,,350000,435000,no,0,https://laptoptv.vn/cong-chuyen-hub-4in1-usb-c-to-vga-usb-pd-hdmi-ho-tro-4k
44962122,Chuột Laptop Gaming Fuhlen B09S Wireless (Silent. DPI 4000) Chính hãng,Linh Kiện,Linh Kiện,Linh Kiện,?,,,,,Intel Graphics,,350000,555000,no,0,https://laptoptv.vn/chuot-fuhlen-b09s-wireless-silent-dpi-4000-chinh-hang
44971301,Hub chuyển đổi 8in1  USB Type C to HDMI + LAN + USB A...,Linh Kiện,Linh Kiện,Linh Kiện,?,,,,,Intel Graphics,,500000,650000,no,0,https://laptoptv.vn/hub-chuyen-doi-8in1-usb-type-c-to-hdmi-lan-usb-a
44990093,Switch chia mạng TP-Link TL-SG1008D Port Gigabit (1000Mbps) | 8 Cổng | Vỏ Nhựa,TP Link,Linh Kiện,Linh Kiện,?,,,,,Intel Graphics,,550000,650000,no,0,https://laptoptv.vn/switch-tp-link-tl-sg1008d-port-gigabit-1000mbps-8-cong-vo-nhua
44712632,SSD 256GB 2.5 Inch Intel,Linh Kiện,Linh Kiện,Linh Kiện,?,,,,,Intel Graphics,,580000,580000,no,0,https://laptoptv.vn/ssd-256gb-2-5-inch-intel
44712636,RAM 8GB DDR4 Bus 3200Mhz dành cho Laptop,Linh Kiện,Linh Kiện,Linh Kiện,?,,,,,Intel Graphics,,840000,840000,no,0,https://laptoptv.vn/ram-8gb-ddr4-bus-3200mhz-danh-cho-laptop
44984717,Camera HIKVISION DS2CE56 D0T IRD | IP67,Linh Kiện,Linh Kiện,Linh Kiện,?,,,,,Intel Graphics,,850000,1050000,no,0,https://laptoptv.vn/camera-hikvision-ds2ce56-d0t-ird-ip67
44712634,SSD 256GB M.2 SAMSUNG NVMe,Linh Kiện,Linh Kiện,Linh Kiện,?,,,,,Intel Graphics,,880000,880000,no,0,https://laptoptv.vn/ssd-256gb-m-2-samsung-nvme
56055018,"Bút cảm ứng chính hãng nhạy PN556W cho Dell Latitude 2in1, XPS",Dell,Linh Kiện,Linh Kiện,?,6 Tháng,,,,,,1199000,1600000,no,0,https://laptoptv.vn/but-cam-ung-chinh-hang-nhay-pn556w-cho-dell-latitude-2in1-xps
44712637,RAM 8GB DDR5 Bus 4800Mhz dành cho Laptop,Linh Kiện,Linh Kiện,Linh Kiện,?,,,,,Intel Graphics,,1280000,1280000,no,0,https://laptoptv.vn/ram-8gb-ddr5-bus-4800mhz-danh-cho-laptop
44712638,SSD 512GB 2.5 Inch Intel,Linh Kiện,Linh Kiện,Linh Kiện,?,,,,,Intel Graphics,,1380000,1380000,no,0,https://laptoptv.vn/ssd-512gb-2-5-inch-intel
44712633,SSD 500GB M.2 SAMSUNG NVMe,Linh Kiện,Linh Kiện,Linh Kiện,?,,,,,Intel Graphics,,1680000,1680000,no,0,https://laptoptv.vn/ssd-512gb-m-2-samsung-nvme
44712639,SSD 1TB M.2 SAMSUNG NVMe,Linh Kiện,Linh Kiện,Linh Kiện,?,,,,,Intel Graphics,,2180000,2180000,no,0,https://laptoptv.vn/ssd-1tb-m-2-samsung-nvme
44712635,RAM 16GB DDR4 Bus 3200Mhz dành cho Laptop,Linh Kiện,Linh Kiện,Linh Kiện,?,,,,,Intel Graphics,,2500000,3500000,no,0,https://laptoptv.vn/ram-16gb-ddr4-bus-3200mhz-danh-cho-laptop
44713019,Laptop cũ Dell Latitude 7270 Core i5-6300U | 8GB | 256GB | 12.5 inch HD,Dell,Laptop,Văn phòng,Cũ,6 Tháng,Intel Core i5-6300U,8GB DDR4,256GB NVMe,Intel Graphics,12.5 inch,4290000,6980000,no,0,https://laptoptv.vn/dell-latitude-7270-core-i5-6300u-ram-8gb-ssd-256gb-man-hinh-12-5-inch-hd
44713010,Laptop cũ Dell Latitude 7280 Core i5-6300U | 8GB | 256GB | Intel HD Graphics 520 | 12.5 inch HD,Dell,Laptop,Văn phòng,Cũ,6 Tháng,intel Core i5-6300U,8GB DDR4,256GB NVMe,Intel Graphics,12.5 inch,4380000,7480000,no,0,https://laptoptv.vn/dell-latitude-7280-core-i5-6300u-8gb-256gb-intel-hd-graphics-520-12-5-inch-hd
44712787,Laptop cũ Dell Latitude 5470 Core i5-6300U | 8GB | 256GB | 14 inch FHD,Dell,Laptop,Văn phòng,Cũ,6 Tháng,Intel Core i5,8GB DDR3,256GB SSD NVMe PCIe,Intel Graphics,14 inch FHD,4600000,8980000,no,0,https://laptoptv.vn/laptop-cu-dell-latitude-5470-core-i5-6300u-8gb-256gb-man-hinh-14-inch-fhd
44712949,Laptop cũ Dell Latitude 5490 Core i5-7300U | 8GB | 256GB | 14 inch Full HD,Dell,Laptop,Văn phòng,Cũ,6 Tháng,Intel Core i5-7300U,8GB DDR4,256GB NVMe,Intel Graphics,14 inch,4880000,7980000,no,0,https://laptoptv.vn/laptop-cu-dell-latitude-5490-core-i5-7300u-8gb-256gb-14-inch-full-hd
44713087,Laptop cũ Dell Latitude 7480 Core i5-6300U | 8GB | 256GB | 14 inch FHD IPS,Dell,Laptop,Văn phòng,Cũ,1 Tháng,intel Core i5-6300U,8GB DDR4,256GB Nvme,Intel Graphics,14 inch FHD,4900000,7480000,yes,17,https://laptoptv.vn/dell-latitude-7480-core-i5-6300u-8gb-256gb-14-inch-fhd-1-1
44713079,Laptop cũ Dell Latitude 7470 Core i5-6300U | 8GB | 256GB | 14 inch FHD,Dell,Laptop,Văn phòng,Cũ,6 Tháng,intel Core i5- 6300U,8GB DDR4,256GB Nvme,onboard,14inch,4980000,7880000,no,0,https://laptoptv.vn/dell-latitude-7470-core-i5-630u-8gb-256gb-man-hinh-14-inch-fhd
44713022,Laptop cũ  Dell Latitude 7270 Core i7-6600U | 8GB | 256GB | 12.5 inch HD,Dell,Laptop,Văn phòng,Cũ,6 Tháng,Intel Core i7-6600U,8GB DDR4,256GB NVMe,Intel Graphics,12.5 inch,5090000,7480000,no,0,https://laptoptv.vn/dell-latitude-7270-core-i7-6600u-ram-8gb-ssd-256gb-man-hinh-12-5-inch-hd
44713066,Laptop cũ Dell Latitude 7480 Core i5-7200U [7300U] | 8GB | 256GB | 14 inch FHD,Dell,Laptop,Văn phòng,Cũ,1 Tháng,Intel Core i5-7200U(7300U),8GB DDR4,256GB NVMe,Intel Graphics,14 inch FHD,5190000,7680000,yes,1,https://laptoptv.vn/moi-99-dell-latitude-7480-core-i7-7200u-7300u-8gb-256gb-14-inch-fhd
44713015,Laptop cũ Dell Latitude 7280 Core i7-6600U | 8GB | 256GB | Intel HD Graphics 520 | 12.5 inch HD,Dell,Laptop,Văn phòng,Cũ,6 Tháng,Intel Core i7-6600U,8GB DDR4,256GB NVMe,Intel Graphics,12.5 inch,5190000,8480000,no,0,https://laptoptv.vn/dell-latitude-7280-core-i7-6600u-8gb-256gb-intel-hd-graphics-520-12-5-inch-hd
44712916,Laptop cũ Dell Latitude 5480 Core i5-7300U | 8GB | 256GB | 14 inch FHD,Dell,Laptop,Văn phòng,Cũ,6 Tháng,Intel Core i5-7300U,8GB DDR4,256GB NVMe,Intel Graphics,14 inch,5280000,7000000,no,0,https://laptoptv.vn/laptop-cu-dell-latitude-5480-core-i5-7300u-8gb-256gb-man-hinh-14-inch-fhd-1
44712586,Laptop cũ Dell Latitude 7480 | Core i5-6300U | 8GB | 256GB | 14 inch FHD,Dell,Laptop,Văn phòng,Cũ,6 Tháng,intel Core i5-6300U,8GB DDR4,SSD 256GB,Intel Graphics,14 inch FHD,5380000,7480000,no,0,https://laptoptv.vn/dell-latitude-7480-core-i5-6300u-ram-8gb-ssd-256gb-14-inch-fhd
50287417,Laptop cũ Dell Latitude 5490 Core i5-8350U | 8GB | 256GB | 14 inch FHD,Dell,Laptop,Văn phòng,Cũ,6 Tháng,intel core i5 - 8350U,8GB DDR4,SSD M.2 NMVe 256GB,Intel Graphics,14 inch,5480000,8490000,no,0,https://laptoptv.vn/laptop-cu-dell-latitude-5490-core-i7-8650u-8gb-256gb-14-inch-fhd-1
44712755,Laptop cũ Dell Latitude 5480 Core i7-6600U | 8GB | 256GB | 14 inch FHD,Dell,Laptop,Văn phòng,Cũ,6 Tháng,Intel Core i7-6600U,8GB DDR3,256GB Nvme,Intel Graphics,14 inch,5480000,6800000,no,0,https://laptoptv.vn/laptop-cu-dell-latitude-5480-core-i7-6600u-8gb-256gb-man-hinh-14-inch-fhd
50288068,Laptop cũ Dell Latitude 5490 Core i7-7600U | 8GB | 256GB | 14 inch Full HD,Dell,Laptop,Văn phòng,Cũ,6 Tháng,Intel Core i7-7600U,8GB DDR4,SSD M.2 NMVe 256GB,Intel Graphics,14 inch,5680000,8990000,no,0,https://laptoptv.vn/laptop-cu-dell-latitude-5490-core-i7-8650u-8gb-256gb-14-inch-fhd-1-1
44712587,Laptop cũ Dell Latitude 7480 Core i5-7200U [7300U] | 8GB | 256GB | 14 inch FHD,Dell,Laptop,Văn phòng,Cũ,6 Tháng,Intel Core i5-7200U,8GB DDR4,256GB Nvme,Intel Graphics,14 inch FHD,5680000,7680000,no,0,https://laptoptv.vn/laptop-cu-dell-latitude-7480-core-i5-7200u-7300u-8gb-256gb-14-inch-fhd
44712783,Laptop cũ Dell Latitude 5470 Core i7-6600U | 8GB | 256GB | 14 inch FHD,Dell,Laptop,Văn phòng,Cũ,6 Tháng,Intel Core i 7-6600U,8GB DDR4,256GB Nvme,Intel Graphics,14 inch,5690000,8700000,no,0,https://laptoptv.vn/laptop-cu-dell-latitude-5470-core-i7-6600u-8gb-256gb-man-hinh-14-inch-fhd
44712759,Laptop cũ Dell Latitude 5480 Core i5-6440HQ | 8GB | 256GB | 14 inch FHD,Dell,Laptop,Văn phòng,Cũ,6 Tháng,Intel Core i5-6440HQ,8GB DDR3,256GB Nvme,Intel Graphics,14 inch,5780000,0,no,0,https://laptoptv.vn/laptop-cu-dell-latitude-5480-core-i5-6440hq-8gb-256gb-man-hinh-14-inch-fhd
44712761,Laptop cũ Dell Latitude 5480 Core i7-7600U | 8GB | 256GB | 14 inch FHD,Dell,Laptop,Văn phòng,Cũ,6 Tháng,Intel Core i7,8GB,256GB,Intel Graphics,14 inch,5880000,8890000,no,0,https://laptoptv.vn/laptop-cu-dell-latitude-5480-core-i7-7600u-8gb-256gb-man-hinh-14-inch-fhd
44713037,Laptop cũ Dell Latitude 5580 Core i5-6300U | 8GB | 256GB | Intel HD Graphics 620| 15.6 inch FHD,Dell,Laptop,Văn phòng,Cũ,6 Tháng,Intel Core i5-6300U,8GB DDR4,256GB NVMe,Intel Graphics,15 inch,5890000,7480000,no,0,https://laptoptv.vn/dell-latitude-5580-intel-core-i5-6300u-ram-8gb-ssd-256gb-intel-hd-graphics-620-man-hinh-15-6-inch-fhd
44712665,Laptop cũ Dell Latitude 7470 Core i7-6600U | 8GB | 256GB | 14 inch FHD,Dell,Laptop,Văn phòng,Cũ,6 Tháng,Intel Core i7-6600U,8GB DDR3,256GB Nvme,Intel Graphics,14 inch FHD,5980000,8800000,no,0,https://laptoptv.vn/laptop-cu-dell-latitude-7470-core-i7-6600u-8gb-256gb-14-inch-fhd
44712780,Laptop cũ Dell Latitude 5470 Core i7-6820HQ | 8GB | 256GB | 14 inch FHD,Dell,Laptop,Văn phòng,Cũ,6 Tháng,Intel Core i7-6820HQ,8GB DDR3,SSD 256GB + HDD 500GB,Intel Graphics,14 inch,6090000,8020000,no,0,https://laptoptv.vn/laptop-cu-dell-latitude-5470-core-i7-6820hq-8gb-256gb-man-hinh-14-inch-fhd
44712657,Laptop cũ Dell Latitude 5490 Core i7-8650U | 8GB | 256GB | 14 inch FHD,Dell,Laptop,Văn phòng,Cũ,6 Tháng,intel core i7 - 8650u,8GB DDR4,SSD M.2 NMVe 256GB,Intel Graphics,14 inch,6180000,9490000,no,0,https://laptoptv.vn/laptop-cu-dell-latitude-5490-core-i7-8650u-8gb-256gb-14-inch-fhd
44713040,Laptop cũ Dell Latitude 5580 Core i5-7200U | 8GB | 256GB | 15.6 inch FHD,Dell,Laptop,Văn phòng,Cũ,6 Tháng,Intel Core i5-7200U,8GB DDR4,256GB NVMe,Intel Graphics,15 inch,6190000,7980000,no,0,https://laptoptv.vn/dell-latitude-5580-intel-core-i5-7200u-ram-8gb-ssd-256gb-intel-hd-graphics-620-man-hinh-15-6-inch-fhd
44713068,Laptop cũ Dell Latitude 7480 Core i7-6600U | 8GB | 256GB | 14 inch FHD,Dell,Laptop,Văn phòng,Cũ,6 Tháng,Intel Core i7-6600U,8GB DDR3,256GB Nvme,Intel Graphics,14 inch,6280000,7980000,no,0,https://laptoptv.vn/dell-latitude-7480-core-i7-6600u-8gb-256gb-14-inch-fhd
44713061,Laptop cũ Dell Latitude 7490 Core i5-8250U | 8GB | 256GB | 14 inch FHD,Dell,Laptop,Văn phòng,Cũ,6 Tháng,intel Core i7- 10610U,8GB DDR4,256GB NVMe,onboard,14inch,6280000,8800000,no,0,https://laptoptv.vn/dell-latitude-7490-core-i5-8250u-8gb-256gb-man-hinh-14-inch-fhd
44712904,Laptop cũ Dell Latitude 7470 [Vân Carbon] Core i5-6300U | 8GB | 256GB | 14 inch 2K Cảm ứng,Dell,Laptop,Văn phòng,Cũ,6 Tháng,Intel Core i5-6300U,8GB DDR4,256GB NVMe,Intel Graphics,14 inch 2K Cảm ứng,6280000,9990000,no,0,https://laptoptv.vn/dell-latitude-7470-van-carbon-core-i5-6300u-8gb-256gb-2k
44712856,Laptop cũ Dell Latitude 7390 Core i5-8250U | 8GB | 256GB | 13.3 inch FHD,Dell,Laptop,Văn phòng,Cũ,6 Tháng,Intel Core i5-8250U,8GB DDR4,M.2 PCIe 256GB Nvme,Intel Graphics,13.3 inch Full HD,6480000,8900000,no,0,https://laptoptv.vn/laptop-cu-dell-latitude-7390-core-i5-8250u-8gb-256gb-man-hinh-13-3-inch
44712803,Laptop cũ HP Elitebook 830 G5 Core I5-7300U | 8GB | 256GB | 13 inch FHD,HP,Laptop,Văn phòng,Cũ,6 Tháng,intel Core i5-7300U,8GB DDR4,M.2 NMVe 256GB,Intel Graphics,13.3 inch FHD,6480000,9388000,no,0,https://laptoptv.vn/laptop-cu-hp-elitebook-830-g5-core-i5-7300u-8gb-256gb-13-inch-fhd
44712641,Laptop cũ HP Elitebook 830 G5 Core i5-8250U | 8GB | 256GB | 13 inch FHD,HP,Laptop,Văn phòng,Cũ,6 Tháng,Intel Core i5-8265U,8GB DDR4 3200Mhz,SSD M.2 NMVe 256GB,Intel Graphics,13.3 inch,6490000,10290000,no,0,https://laptoptv.vn/hp-elitebook-830-g5-core-i5-8250u-8gb-256gb
44713025,Laptop cũ Dell Latitude 5590 Core i5-8250U | 8GB | SSD | 256GB | 15.6 inch FHD,Dell,Laptop,Văn phòng,Cũ,6 Tháng,Intel Core i5-8250U,8GB DDR4,256GB NVMe,Intel Graphics,15.6 inch,6500000,8480000,no,0,https://laptoptv.vn/dell-latitude-5590-i5-8250u-ram-8gb-ssd-256gb-man-hinh-15-inch-fhd
44712909,Laptop cũ Dell Latitude 5300 Core i5-8365U | 8GB | 256GB | 13.3 inch FHD,Dell,Laptop,Văn phòng,Cũ,6 Tháng,Intel Core i5-8365U,8GB DDR4,256GB NVMe,Intel Graphics,13.3 inch,6500000,12890000,no,0,https://laptoptv.vn/dell-latitude-5300-core-i5-8365u-8gb-256gb
88847988,Laptop cũ HP EliteBook 840 G6 i5-8365U | 16GB | 256GB| 14 inch FHD,HP,Laptop,Văn phòng,Cũ,6 Tháng,Intel Core i5-8365U,8GB DDR4 2400MHz,SSD M.2 NMVe 256GB,Intel Graphics,14 inch FHD IPS chống chói,6590000,11380000,no,0,https://laptoptv.vn/laptop-cu-hp-elitebook-840-g6-i5-8365u-16gb-256gb-14-inch-fhd
44712938,Laptop cũ Dell Inspiron 5448 Core i5-5200U | 4GB | 128GB | M265 | 15.6 inch FHD,Dell,Laptop,Văn phòng,Cũ,6 Tháng,Intel Core i5-5200U,4GB,128GB + HDD 500GB,Intel Graphics,15.6 inch,6590000,9800000,no,0,https://laptoptv.vn/laptop-cu-dell-inspiron-5448-core-i5-5200u-4gb-128gb-r7-m265-man-hinh-15-6-inch-fhd
44712666,Laptop cũ HP EliteBook 840 G6 i5-8365U | 8GB | 256GB| 14 inch FHD,HP,Laptop,Văn phòng,Cũ,6 Tháng,Intel Core i5-8365U,8GB DDR4 2400MHz,SSD M.2 NMVe 256GB,Intel Graphics,14 inch FHD IPS chống chói,6590000,11380000,no,0,https://laptoptv.vn/hp-elitebook-840-g6-i5-8365u-8gb-ssd-256gb-14-inch-fhd
44713072,Laptop cũ Dell Latitude 7480 Core i7-7600U | 8GB | 256GB | 14 inch FHD,Dell,Laptop,Văn phòng,Cũ,6 Tháng,intel Core i7- 7600U,8GB DDR4,,onboard,14inch,6880000,8480000,no,0,https://laptoptv.vn/dell-latitude-7480-core-i7-7600u-8gb-256gb-14-inch-fhd
44713064,Laptop cũ Dell Latitude 7490  Core i5-8250U | 8GB | 256GB | 14 inch FHD Cảm ứng,Dell,Laptop,Văn phòng,Cũ,6 Tháng,intel Core i5- 8250U,8GB DDR4,256GB NVMe,onboard,14inch,6880000,9800000,no,0,https://laptoptv.vn/dell-latitude-7490-cam-ung-core-i5-8250u-8gb-256gb-man-hinh-14-inch-fhd
44712889,[Like New] Dell Latitude 7400 Vân Carbon Core i5-8365U | 8GB | 256GB | 14 inch FHD,Dell,Laptop,Văn phòng,Likenew,6 Tháng,Intel Core i5-8365U,8GB DDR4,256GB Nvme,Intel Graphics,14 inch FHD,6880000,9870000,yes,3,https://laptoptv.vn/laptop-cu-dell-latitude-7400-van-carbon-core-i5-8365u-8gb-ssd-256gb-man-hinh-14-inch-fhd
44712819,Laptop cũ Dell Latitude 5400 Core i5-8250U |  8GB | 256GB | 14 inch FHD,Dell,Laptop,Văn phòng,Cũ,6 Tháng,Intel Core i5-8250U,8GB DDR3,M.2 NMVe 256GB,Intel Graphics,14 inch FHD,6880000,0,no,0,https://laptoptv.vn/laptop-cu-dell-latitude-5400-core-i5-8250u-8gb-256gb
44712642,Laptop cũ HP Elitebook 840 G5 Core i5-8250U | 16GB | 256GB | 14 inch FHD,HP,Laptop,Văn phòng,Cũ,6 Tháng,Intel Core i5-8250U,16GB DDR4 3200Mhz,SSD M.2 NMVe 256GB,Intel Graphics,14 inch,6880000,8988000,no,0,https://laptoptv.vn/hp-elitebook-840-g5-core-i5-8250u-16gb-256gb-man-hinh-14-inch-fhd
44712937,Laptop cũ Dell Inspiron 5548 Core i5-5200U | 8GB | 256GB | R7 M265 | 15.6 inch FHD,Dell,Laptop,Văn phòng,Cũ,6 Tháng,Intel Core i5-5200U,8GB DDR4,256GB NVMe,Intel Graphics,15.6 inch,6890000,9800000,no,0,https://laptoptv.vn/laptop-cu-dell-inspiron-5548-core-i5-5200u-8gb-256gb-r7-m265-man-hinh-15-6-inch-fhd
81125416,Dell Latitude 5310 | Core™ i5-10310U | 8GB | 256GB | 13 inch FHD,Dell,Laptop,Laptop,Cũ,6 Tháng,i5-10310U,8GB,256GB,card on,13 inch FHD,6980000,9380000,no,0,https://laptoptv.vn/dell-latitude-5310-core-i5-10310u-8gb-256gb-13-inch-fhd
44712858,Laptop cũ Dell Latitude 7390 Core i5-8250U | 8GB | 256GB | 13.3 inch FHD Cảm ứng,Dell,Laptop,Văn phòng,Cũ,6 Tháng,Intel Core i5-8250U,8GB DDR4,M.2 PCIe 256GB,Intel Graphics,13.3 inch Full HD,6980000,8900000,no,0,https://laptoptv.vn/laptop-cu-dell-latitude-7390-ca-m-u-ng-core-i5-8250u-8gb-256gb-man-hinh-13-3-inch-fhd
44713001,Laptop cũ Dell Latitude 7389 2in1 Core i5-7200U | 8GB | 256GB | 13.3 inch FHD Cảm ứng,Dell,Laptop,Văn phòng,Cũ,6 Tháng,Intel Core i5,8GB,256GB,Intel Graphics,13.3 inch,6990000,8980000,no,0,https://laptoptv.vn/laptop-cu-dell-latitude-7389-2in1-intel-core-nbsp-i5-7200u-ram-8gb-ssd-256-gb-man-hinh-13-3-inch-fhd-cam-ung
65918580,[PC] Máy tính để bàn Gaming (I310GTX1060) | Intel Core i3-10105F | 8GB | 250GB SSD | GTX 1060 3GB,Máy tính để bàn,PC,PC,?,,Intel Core i3-10105F,8GB DDR4,250GB SSD,NVIDIA GTX 1060 3GB,,7000000,0,no,0,https://laptoptv.vn/pc-may-tinh-de-ban-gaming-i310rx5600-intel-core-i3-10105f-8gb-250gb-ssd-rx-5600-6gb
44712853,Laptop cũ Dell Latitude 7390 Core i7-8650U | 8GB | 256GB | 13.3 inch FHD,Dell,Laptop,Văn phòng,Cũ,6 Tháng,Intel Core i7-8650U,8GB DDR4 2400 MHz,SSD M.2 PCIe 256GB,Intel Graphics,13.3 inch Full HD,7180000,9980000,no,0,https://laptoptv.vn/laptop-cu-dell-latitude-7390-core-i7-8650u-8gb-256gb-man-hinh-13-3-inch
44712723,Laptop cũ HP Probook 450 G6 Core i5-8265U | 8GB | 256GB | 15.6 inch FHD,HP,Laptop,Văn phòng,Cũ,6 Tháng,Intel Core i5-8365U,8GB DDR4 3200Mhz,M.2 NMVe 256GB,Intel Graphics,15.6 FHD,7180000,15680000,no,0,https://laptoptv.vn/hp-probook-450-g6-core-i5-8265u-8gb-256gb-15-6-inch-fhd
44712807,Laptop cũ Dell Latitude 5410 Core i5-10310U | 8GB | 256GB | 14 inch FHD,Dell,Laptop,Văn phòng,Cũ,6 Tháng,Core i5-10310U,8GB DDR4,256GB SSD NVMe PCIe,Intel Graphics,14 inch FHD,7280000,14680000,no,0,https://laptoptv.vn/laptop-cu-dell-latitude-5410-core-i5-10310u-8gb-256gb-man-hinh-14-inch-fhd
44713051,Laptop cũ Dell Latitude 5500 Core i5-8265U | 8GB | 256GB | 15.6 inch FHD,Dell,Laptop,Văn phòng,Cũ,6 Tháng,intel Core i5- 8265U,8GB DDR4,256GB NVMe,onboard,15 inch,7380000,9480000,no,0,https://laptoptv.vn/dell-latitude-5500-core-i5-8265u-ram-8gb-ssd-256gb-man-hinh-15-6-inch-fhd
44712908,[Like New] Dell Latitude 7400 [Vỏ nhôm] Core i5-8365U | 8GB |256GB | 14 inch FHD,Dell,Laptop,Văn phòng,Likenew,6 Tháng,Intel Core i5 8365U,8GB DDR4,256GB,Intel Graphics,14 inch,7480000,11180000,no,0,https://laptoptv.vn/dell-latitude-7400-vo-nhom-core-i5-8365u-8gb-256gb
44712887,[Like New] Dell Latitude 7400 [Vân Carbon] Core i7-8565U | 8GB | 256GB | 14 inch FHD,Dell,Laptop,Văn phòng,Likenew,6 Tháng,Intel Core i7-8565U,8GB DDR4,256GB NVMe,Intel Graphics,14 inch,7480000,10980000,no,0,https://laptoptv.vn/laptop-cu-dell-latitude-7400-van-carbon-core-i7-8565u-8gb-256gb-man-hinh-14-inch-fhd
44712742,Laptop cũ Dell Vostro 5391 Core i5-10210U | 8GB | 256GB | MX250 | 13.3 inch FHD,Dell,Laptop,Văn phòng,Cũ,6 Tháng,Intel Core i5-10210U,8GB DDR4,256GB NVMe PCIe,Intel Graphics,13.3 inch FHD,7500000,18890000,no,0,https://laptoptv.vn/dell-vostro-5391-core-i5-10210u-8gb-256gb-mx250
44712721,Laptop cũ Gaming Dell Inspiron 7566 Core i5-6300HQ | 8GB | 128GB + HDD500GB | NVIDIA 960M | 15.6 inch FHD,Dell,Laptop,Gaming,Cũ,6 Tháng,Intel Core i5-6300HQ,8GB DDR4,128GB + HDD 500GB,Intel Graphics,15 inch FHD,7590000,10280000,no,0,https://laptoptv.vn/dell-inspiron-7566-core-i5-6300hq-8gb-128gb-500gb-960m
44712720,Laptop Gaming cũ Dell Inspiron 7559 Core i5-6300HQ | 8GB | 128GB + HDD500GB | NVIDIA 960M | 15.6 inch FHD,Dell,Laptop,Gaming,Cũ,6 Tháng,Inel Core i5-6300HQ,8GB DDR4,128GB + HDD 500GB,Intel Graphics,15 inch FHD,7590000,11980000,no,0,https://laptoptv.vn/dell-inspiron-7559-core-i5-6300hq-8gb-128gb-500gb-960m
58892805,[Like New] HP ProBook 430 G8 Core i5-1135G7 | 8GB | 256GB | 13.3 inch FHD,HP,Laptop,Văn phòng,Likenew,6 Tháng,Core i7 - 8650U,8GB DDR4,M.2 NMVe 256GB,Intel Graphics,13.3 inch FHD,7680000,14890000,no,0,https://laptoptv.vn/like-new-hp-probook-430-g8-core-i5-1135g7-8gb-256gb-13-3-inch-fhd
44713077,Laptop cũ Dell Latitude 7480 Core i7-7600U | 8GB | 256GB | 14 inch Cảm ứng 2K,Dell,Laptop,Văn phòng,Cũ,6 Tháng,intel Core i7- 7600U,8GB DDR4,256GB Nvme,onboard,14 inch,7680000,8980000,no,0,https://laptoptv.vn/laptop-cu-dell-latitude-7480-core-i7-7600u-8gb-256gb-14-inch-cam-ung-2k
44713058,Laptop cũ Dell Latitude 7490 Core i7-8650U | 8GB | 256GB | 14 inch FHD,Dell,Laptop,Văn phòng,Cũ,6 Tháng,intel Core i5- 8250U,8GB DDR4,256GB NVMe,onboard,14inch,7680000,9800000,no,0,https://laptoptv.vn/dell-latitude-7490-core-i7-8650u-8gb-256gb-man-hinh-14-inch-fhd
44713023,Laptop cũ  Dell Latitude 5590 Core i7-8550U | 8GB | 256GB | 15.6 inch FHD,Dell,Laptop,Văn phòng,Cũ,6 Tháng,Intel Core i7-8550U,8GB DDR4,256GB NVMe,Intel Graphics,15 inch,7680000,9480000,no,0,https://laptoptv.vn/dell-latitude-5590-i7-8550u-ram-8gb-ssd-256gb-man-hinh-15-inch-fhd
44712860,Laptop cũ Dell Latitude 7390 Core i7-8650U | 8GB | 256GB | 13.3 inch FHD Cảm ứng,Dell,Laptop,Văn phòng,Cũ,6 Tháng,intel Core i7-8650U,8GB DDR4,M.2 NMVe 256,Intel Graphics,13.3 inch FHD Cảm ứng,7680000,9990000,no,0,https://laptoptv.vn/san-pham-dell-latitude-7390-cam-ung-core-i7-8650u-8gb-256gb
44712820,Laptop cũ Lenovo Thinkpad X1 Carbon Gen 6 Core I5-8350U | 8GB | 256GB | 14 inch FHD,Lenovo,Laptop,Văn phòng,Cũ,6 Tháng,intel Core i5 8350U,8GB DDR3,256GB Nvme,Intel Graphics,14 inch FHD,7680000,10680000,no,0,https://laptoptv.vn/laptop-cu-lenovo-thinkpad-x1-carbon-gen-6-core-i5-8350u-8gb-256gb-fhd
44712808,Laptop cũ HP Elitebook 830 G6 Core i7-8665U | 8GB | 256GB | 13.3 inch FHD,HP,Laptop,Văn phòng,Cũ,6 Tháng,Core i7 - 8650U,8GB DDR4,M.2 NMVe 256GB,Intel Graphics,13.3 inch FHD,7680000,12990000,no,0,https://laptoptv.vn/laptop-cu-hp-elitebook-830-g6-core-i7-8665u-8gb-256gb-14inch-fhd
44712917,Laptop cũ Dell Inspiron 7460 Core i5-7200U | 8GB | 256GB | Nvidia GTX 940MX | 14 inch FHD,Dell,Laptop,Đồ hoạ,Cũ,6 Tháng,Intel Core i5-7200U,8GB DDR4,256GB NVMe,,14 inch,7690000,9890000,no,0,https://laptoptv.vn/laptop-cu-dell-inspiron-7460-core-i5-7200u-8gb-256gb-nvidia-gtx-940mx-man-hinh-14-inch-fhd
44712872,Laptop cũ Dell Latitude 7390 2in1 Core i5-8250U | 8GB | 256GB | 13.3 inch FHD,Dell,Laptop,Xoay gập,Cũ,6 Tháng,intel Core i5-8350U,8GB DDR4,256GB NVMe,Intel Graphics,13 inch FHD Cảm ứng,7690000,9990000,yes,4,https://laptoptv.vn/laptop-cu-dell-latitude-7390-2in1-ca-m-u-ng-core-i5-8250u-man-hinh-13-3-inch-xoay-ga-p-360
44712831,Laptop cũ Dell Latitude 5300 2in1 Core i5-8365U | 8GB | 256GB | 13.3 inch  FHD Cảm ứng,Dell,Laptop,Xoay gập,Cũ,6 Tháng,intel Core I5-8365U,8GB DDR3,256GB Nvme,Intel Graphics,13.3 inch FHD Cảm ứng,7690000,9000000,no,0,https://laptoptv.vn/laptop-cu-dell-latitude-5300-2in1-ca-m-u-ng-core-i5-8365u-8gb-256gb-xoay-ga-p-360
44712815,Laptop cũ Dell Latitude 5400 Core i7-8565U | 8GB | 256GB | 14 inch FHD,Dell,Laptop,Văn phòng,Cũ,6 Tháng,Intel Core i7,8GB DDR3,M.2 NMVe 256GB,Intel Graphics,14 inch FHD,7790000,0,no,0,https://laptoptv.vn/laptop-cu-dell-latitude-5400-core-i7-8565u-8gb-256gb
44713054,Laptop cũ Dell Latitude 5500 Core i7-8665U | 8GB | 256GB | 15.6 inch FHD,Dell,Laptop,Văn phòng,Cũ,6 Tháng,intel Core i7- 8665U,8GB DDR4,256GB NVMe,onboard,15.6 inch,7880000,9980000,no,0,https://laptoptv.vn/dell-latitude-5500-core-i7-8665u-ram-8gb-ssd-256gb-man-hinh-15-6-inch-fhd
44712826,Laptop cũ HP Elitebook 840 G5 Core i7-8550U | 16GB | 256GB | 14 inch FHD,HP,Laptop,Văn phòng,Cũ,6 Tháng,Core i7 – 8550U,16GB DDR4,M.2 NMVe 256GB,Intel Graphics,14 inch FHD,7880000,9890000,no,0,https://laptoptv.vn/laptop-cu-hp-elitebook-840-g5-core-i7-8550u-16gb-256gb-14-inch-fhd
44712854,Laptop cũ Dell Precision 7510 Core i7-6820HQ | 8GB | 256GB | M1000M | 15.6 inch FHD,Dell,Laptop,Đồ hoạ,Cũ,6 Tháng,Core i7 - 6820HQ,8GB,256GB SSD NVMe PCIe,Intel Graphics,15.6 inch FHD,7890000,10890000,no,0,https://laptoptv.vn/laptop-cu-do-hoa-dell-precision-7510-core-i7-6820hq-8gb-256gb-m1000m-man-hinh-15-6-inch-fhd
76491195,[Like New] Dell Latitude 5420 Core i5-1135G7 | 8GB | 256GB | 14 inch FHD,Dell,Laptop,Văn phòng,Likenew,6 Tháng,Intel Core i5-1135G7,16GB,256GB Nvme,Intel Graphics,14 inch FHD,7980000,14860000,no,0,https://laptoptv.vn/like-new-dell-latitude-5420-core-i5-1135g7-8gb-256gb-14-inch-fhd
59276757,[Like New] Dell latitude 5320 Core i5-1145G7 | 8GB | 256GB | 13.3 inch FHD,Dell,Laptop,Xoay gập,Likenew,6 Tháng,intel Core i5-1135G7,8GB DDR4,256GB NVMe PCIe,Intel Graphics,13.3 inch FHD,7980000,9860000,no,0,https://laptoptv.vn/like-new-dell-latitude-5320-core-i5-1145g7-8gb-256gb-13-3-inch-fhd-cam-ung
44712883,[Like New] Dell Latitude 7400 [Vân Carbon] Core i7-8565U | 8GB | 256GB | 14 inch FHD Cảm ứng,Dell,Laptop,Văn phòng,Likenew,6 Tháng,Intel Core i7-8565U,8GB DDR4,256GB Nvme,Intel Graphics,14 inch FHD,7980000,9880000,no,0,https://laptoptv.vn/laptop-cu-dell-latitude-7400-van-carbon-core-i7-8565u-8gb-256gb-man-hinh-14-inch-fhd-cam-ung
44712879,[Like New] Dell Latitude 7400 [Vỏ nhôm] Core i5-8365U | 8GB | 256GB | 14 inch FHD,Dell,Laptop,Văn phòng,Likenew,6 Tháng,intel Core I5-8365U,8GB DDR4,M.2 NMVe 256GB,Intel Graphics,14 inch FHD,7980000,10999000,no,0,https://laptoptv.vn/laptop-cu-dell-latitude-7400-vo-nhom-core-i5-8365u-ram-8gb-ssd-256gb-man-hinh-14-inch-fhd-cam-ung
44712814,Laptop cũ HP Elitebook 850 G5 Core i5-8250U | 8GB | 256GB | 15.6 inch FHD,HP,Laptop,Văn phòng,Cũ,6 Tháng,Intel Core i5,8GB DDR4,M.2 NMVe 256GB,Intel Graphics,15.6 inch FHD,7980000,9990000,no,0,https://laptoptv.vn/laptop-cu-hp-elitebook-850-g5-core-i5-8250u-8gb-256gb-15-6-inch-fhd
44713002,Laptop cũ  Dell Latitude 7300 Core i5-8265U | 16GB | 256GB | 13.3 inch FHD IPS,Dell,Laptop,Văn phòng,Cũ,6 Tháng,Intel Core i5-8250U,16GB DDR4,512GB NVMe,Intel Graphics,13.3 inch,8160000,10980000,no,0,https://laptoptv.vn/dell-latitude-7300-core-i5-8265u-ram-16gb-ssd-256gb-man-hinh-13-3-inch-fhd-ips
44712998,Laptop cũ Dell Latitude 7389 2in1 Core i7-7600U | 16GB | 256GB | 13.3 inch FHD Cảm ứng,Dell,Laptop,Văn phòng,Cũ,6 Tháng,Intel Core i7-7600U,16GB DDR4,512GB NVMe,Intel Graphics,13.3 inch,8180000,10980000,no,0,https://laptoptv.vn/laptop-cu-dell-latitude-7389-2in1-cam-ung-core-i7-7600u-ram-16gb-ssd-256-gb-man-hinh-13-3-inch-fhd-cam-ung
44712885,Laptop cũ Dell Precision 7520 Core i7-6820HQ | 8GB | 256GB | M1200M | 15.6 inch FHD,Dell,Laptop,Đồ hoạ,Cũ,6 Tháng,Intel Core i7-6820HQ,8GB DDR4,256GB NVMe,Quardo M1200,15.6 inch,8180000,11180000,no,0,https://laptoptv.vn/laptop-cu-do-hoa-dell-precision-7520-core-i7-6820hq-8gb-256gb-m1200m-man-hinh-15-6-inch-fhd
44712658,[Mới 99%] Dell Latitude 5510 Core i5-10210U | 8GB | 256GB | Iris Xe Graphics|  15.6 inch FHD,Dell,Laptop,Văn phòng,Cũ,6 Tháng,Intel Core i5-10210U,8G DDR4,256GB Nvme,Intel Graphics,15.6 inch FHD,8180000,15380000,no,0,https://laptoptv.vn/dell-latitude-5510-core-i5-10210u-8gb-256gb-15-6-inch-fhd
86955081,[Like new] HP EliteBook 830 G7 | Core i5-10310U | 8GB | 256GB | 13 inch FHD,HP,Laptop,Laptop,Likenew,6 Tháng,i5-10310U,8GB,256GB,UHD Graphics,13 inch FHD,8280000,0,no,0,https://laptoptv.vn/like-new-hp-elitebook-830-g7-core-i5-10310u-8gb-256gb-13-inch-fhd
44712862,Laptop cũ Dell Latitude 7390 2in1 Core i5-8250U | 16GB | 256GB | 13.3 inch Cảm ứng,Dell,Laptop,Xoay gập,Cũ,6 Tháng,intel Core i5-8350U,16GB DDR4,M.2 NMVe 256,Intel Graphics,13 inch FHD Cảm ứng,8290000,9980000,yes,5,https://laptoptv.vn/laptop-cu-dell-latitude-7390-2in1-ca-m-u-ng-core-i5-8250u-16gb-256gb-man-hinh-13-3-inch-xoay-ga-p-360
44712851,Laptop cũ Dell Precision 7510 Core i7-6820HQ | 8GB | 256GB | M2000M | 15.6 inch FHD,Dell,Laptop,Đồ hoạ,Cũ,6 Tháng,intel Core i7 - 6820HQ,8GB,256GB SSD NVMe PCIe,Intel Graphics,15.6 inch FHD,8290000,11590000,no,0,https://laptoptv.vn/laptop-cu-do-hoa-dell-precision-7510-core-i7-6820hq-8gb-256gb-m2000m-man-hinh-15-6-inch-fhd
44712817,Laptop cũ Lenovo Thinkpad X1 Carbon Gen 6 Core i5-8350U | 16GB | 256GB | 14 inch FHD,Lenovo,Laptop,Văn phòng,Cũ,6 Tháng,intel Core i5 8350U,16GB LPDDR4,M.2 NMVe 256GB,Intel Graphics,14 inch FHD,8300000,10880000,no,0,https://laptoptv.vn/laptop-cu-lenovo-thinkpad-x1-carbon-gen-6-core-i5-8350u-16gb-256gb-fhd
44712796,Laptop cũ  Dell Latitude 5410 Core i5-10310U | 16GB | 256GB | 14 inch FHD,Dell,Laptop,Văn phòng,Cũ,6 Tháng,intel Core i5-10310U,16GB DDR4,M.2 NMVe 256GB,Intel Graphics,14 inch FHD,8380000,12560000,no,0,https://laptoptv.vn/laptop-cu-dell-latitude-5410-core-i5-10310u-16gb-256gb-man-hinh-14-inch-fhd
90170672,Laptop cũ Dell Latitude 5300 2in1 Core i7-8665U | 8GB | 256GB | 13.3 inch FHD Cảm ứng,,,Xoay gập,Cũ,6 Tháng,Intel Core i7,8GB,,Intel Graphics,13 inch,8480000,10680000,no,0,https://laptoptv.vn/laptop-cu-dell-latitude-5300-2in1-core-i7-8665u-8gb-256gb-13-3-inch-fhd-cam-ung
44712644,Laptop cũ HP Elitebook 850 G6 Core i7-8565U | 8GB | 256GB | 15.6 inch FHD,HP,Laptop,Văn phòng,Cũ,6 Tháng,Intel Core i7-8650U,8GB DDR4 3200Mhz,SSD M.2 NMVe 256GB,Intel Graphics,15 inch,8580000,16360000,no,0,https://laptoptv.vn/hp-elitebook-850-g6-core-i7-8565u-8gb-256gb
44712844,Laptop cũ Dell Inspiron 7560 Core i5-7200U | 8GB | 256GB | RTX 940MX | 15.6 inch FHD,Dell,Laptop,Văn phòng,Cũ,6 Tháng,intel Core i5 7200U,8GB DDR3,SSD 256GB + HDD 500GB,NVIDIA Gefoce 940MX,15 inch,8680000,11680000,no,0,https://laptoptv.vn/laptop-cu-do-hoa-dell-inspiron-7560-core-i5-7200u-8gb-256gb-940mx-man-hinh-15-6-inch-fhd
44712656,[Like New] Dell Latitude 5420 Core i5-1135G7 | 16GB | 256GB | 14 inch FHD,Dell,Laptop,Văn phòng,Likenew,6 Tháng,Intel Core i5-1135G7,16G DDR4- 3200MHz,256GB Nvme,Intel Graphics,14 inch FHD,8690000,15260000,no,0,https://laptoptv.vn/laptop-cu-dell-latitude-5420-core-i5-1135g7-16gb-256gb-14-inch-fhd
45538793,Laptop cũ Dell Latitude 7390 2in1 Core i7-8650U | 16GB | 256GB | 13.3 inch Cảm ứng,Dell,Laptop,Xoay gập,Cũ,6 Tháng,intel Core i7-8650U,16GB DDR4,M.2 NMVe 256GB,Intel Graphics,13 inch FHD Cảm ứng,8780000,11980000,no,0,https://laptoptv.vn/laptop-cu-dell-latitude-7390-2in1-ca-m-u-ng-core-i7-8650u-16gb-256gb-man-hinh-13-3-inch-xoay-ga-p-360-1
44712874,Laptop cũ Dell Precision 7520 Core i7-6820HQ | 16GB | 512GB | M1200M | 15.6 inch FHD,Dell,Laptop,Đồ hoạ,Cũ,6 Tháng,intel Core i7- 6820HQ,16GB DDR4,M.2 NMVe 512GB,NVIDIA Quadro M1200M,15.6 inch FHD,8860000,11860000,no,0,https://laptoptv.vn/laptop-cu-do-hoa-dell-precision-7520-core-i7-6820hq-16gb-512gb-m1200m-man-hinh-15-6-inch-fhd
44712845,Laptop cũ Dell Latitude 5310 2in1 Core i5-10310U | 8GB | 256GB | 13.3 inch FHD Cảm ứng,Dell,Laptop,Xoay gập,Cũ,6 Tháng,intel Core i5 10310U,8GB DDR4,M.2 NMVe 256,Intel Graphics,"13.3"" FHD Cảm ứng",8880000,14800000,no,0,https://laptoptv.vn/laptop-cu-dell-latitude-5310-2in1-cam-ung-core-i5-10310u-8gb-256gb-man-hinh-13-3-inch-fhd-cam-ung
44712827,Laptop cũ Lenovo Thinkpad X1 Carbon Gen 6 Core i7-8550U | 16GB | 256GB | 14 inch FHD,Lenovo,Laptop,Văn phòng,Cũ,6 Tháng,Intel Core I7-8550U,16GB DDR4,M.2 NMVe 256GB,Intel Graphics,14 inch FHD,8880000,13980000,no,0,https://laptoptv.vn/laptop-cu-lenovo-thinkpad-x1-carbon-gen-6-core-i7-8550u-16gb-256gb-fhd
44712643,Laptop cũ HP Elitebook 850 G5 Core i7-8650U | 8GB | 256GB | 15.6 inch FHD,HP,Laptop,Văn phòng,Cũ,6 Tháng,Intel Core i7-8650U,8GB DDR4 3200Mhz,SSD M.2 NMVe 256GB,Intel Graphics,15 inch,8880000,10970000,no,0,https://laptoptv.vn/hp-elitebook-850-g5-core-i7-8650u-8gb-256gb
44712876,[Like New] Dell Latitude 7400 [Vỏ nhôm] Core i7-8565U | 8GB | 256GB | 14 inch FHD,Dell,Laptop,Văn phòng,Likenew,6 Tháng,intel Core i7-8565U,8GB DDR4,M.2 NMVe 256GB,Intel Graphics,14 inch FHD,8950000,11980000,no,0,https://laptoptv.vn/laptop-cu-dell-latitude-7400-vo-nhom-cam-ung-core-i5-core-i7-8365u-man-hinh-14-inch-fhd
46452534,[Like New] Dell Latitude 7400 2in1 Core i5-8365U | 8GB | 256GB | Intel UHD Graphic | 14 inch FHD Cảm ứng,Dell,Laptop,Xoay gập,Likenew,6 Tháng,Intel Core i5-8365U,8GB DDR4,256GB Nvme,Intel Graphics,14 inch FHD Cảm ứng,8970000,11780000,yes,2,https://laptoptv.vn/laptop-cu-dell-latitude-7400-2in1-core-i5-8365u-8gb-256gb-intel-uhd-graphic-14-inch-fhd-cam-ung
58753475,Laptop cũ Dell Latitude 5300 2in1 Core i7-8665U | 16GB | 256GB | 13.3 inch FHD Cảm ứng,Dell,Laptop,Xoay gập,Cũ,6 Tháng,Intel Core i7-8665U,16GB DDR4,,Intel Graphics,13.3 inch FHD Cảm ứng,8980000,13890000,yes,2,https://laptoptv.vn/laptop-cu-dell-latitude-5300-2in1-core-i7-8665u-16gb-256gb-13-3-inch-fhd-cam-ung
44712838,Laptop cũ Lenovo Thinkpad X1 Carbon Gen 7 Core i5-8250U [8365U] | 8GB | 256GB | 14 inch FHD,Lenovo,Laptop,Văn phòng,Cũ,6 Tháng,Intel core I5 - 8250U,8GB LPDDR3,M.2 NMVe 256GB,Intel Graphics,"14.0"" FHD (1920 x 1080)",9080000,15580000,no,0,https://laptoptv.vn/laptop-cu-lenovo-thinkpad-x1-carbon-gen-7-core-i5-8250u-8365u-8gb-256gb-fhd
44712869,Laptop cũ Dell Precision 7520 Core i7-7700HQ | 8GB | 256GB | M1200M | 15.6 inch FHD,Dell,Laptop,Đồ hoạ,Cũ,6 Tháng,intel Core i7- 7700HQ,8GB DDR4,256GB,NVIDIA Quadro M1200M,15.6 inch FHD,9180000,13100000,no,0,https://laptoptv.vn/laptop-cu-do-hoa-dell-precision-7520-core-i7-7700hq-8gb-256gb-m1200m-man-hinh-15-6-inch-fhd
86039488,[Like New] HP EliteBook 840 G8 Core i5-1135G7 | 8GB | 256GB | 14.0 inch FHD,HP,Laptop,Laptop,Likenew,6 Tháng,i5-1135G7,8GB,256GB,Iris Xe,14.0 inch FHD,9280000,0,no,0,https://laptoptv.vn/like-new-hp-elitebook-840-g8-core-i5-1135g7-8gb-256gb-14-0-inch-fhd
44712989,[Like New] Dell Latitude 7400 2in1 Core i5-8365U | 16GB | 256GB | Intel UHD Graphic | 14 inch FHD Cảm ứng,Dell,Laptop,Xoay gập,Likenew,6 Tháng,Intel Core i5-8365U,16GB DDR4,512GB NVMe,Intel Graphics,14 inch FHD Cảm ứng,9280000,12480000,yes,9,https://laptoptv.vn/laptop-cu-dell-latitude-7400-2in1-cam-ung-core-i5-8365u-ram-16gb-ssd-256gb-intel-uhd-graphic-14inch-cam-ung
44712920,Laptop cũ Dell Inspiron 7460 Core i7-7500U | 8GB | 256GB | Nvidia GTX 940MX | 14 inch FHD,Dell,Laptop,Đồ hoạ,Cũ,6 Tháng,Intel Core i5-7500U,8GB DDR4,256GB NVMe,Nvidia GTX 940MX,14 inch,9280000,14890000,no,0,https://laptoptv.vn/laptop-cu-dell-inspiron-7460-core-i7-7500u-8gb-256gb-nvidia-gtx-940mx-man-hinh-14-inch-fhd
44712655,[Like new] Laptop Dell Latitude 3420 Core i5-1135G7 | 8GB | 256GB | 14 inch FHD,Dell,Laptop,Văn phòng,Likenew,6 Tháng,Intel Core i5-1135G7,8G DDR4,256GB Nvme,Intel Graphics,14 inch FHD,9280000,15890000,no,0,https://laptoptv.vn/dell-latitude-3420-core-i5-1135g7-8gb-256gb-iris-xe-graphics
44712821,Laptop cũ Dell XPS 9370 Core i5-8350U | 8GB | 256GB | 13.3 inch FHD,Dell,Laptop,Cao cấp,Cũ,6 Tháng,intel Core i5 8350U,8GB DDR4,256GB SSD NVMe PCIe,Intel Graphics,13.3 inch FHD,9340000,14800000,no,0,https://laptoptv.vn/laptop-cu-dell-xps-9370-core-i5-8350u-8gb-256gb-13-3-inch-fhd
74142259,[Like New] Dell Latitude 5420 Core i7-1165G7 | 8GB | 256GB | 14 inch FHD,Dell,Laptop,Văn phòng,Likenew,6 Tháng,,,,,,9380000,16280000,no,0,https://laptoptv.vn/like-new-dell-latitude-5420-core-i7-1165g7-8gb-256gb-14-inch-fhd
54411034,[New 100%] Laptop Asus Vivobook X1404VA i3-1315U  | 8GB | 128GB | 14 Inch FHD | Quiet Blue,Asus,Laptop,Cao cấp,Mới,12 Tháng,Core i3-1315U,8GB DDR3,128GB NVMe PCIe,Intel Iris Xe Grahics,14 inch OLED Cảm ứng,9380000,13680000,no,0,https://laptoptv.vn/new-100-laptop-asus-vivobook-x1404va-i3-1315u-8gb-128gb-14-inch-fhd-quiet-blue
50452813,[Like New] Dell Latitude 7420 [Vỏ Carbon] Core i5-1145G7 | 16GB | 256GB | 14.0 inch FHD,Dell,Laptop,Xoay gập,Likenew,6 Tháng,Intel Core i5-1145G7,16GB DDR4,256GB NVMe PCIe,Iris Xe Graphics,14 inch FHD,9380000,10980000,yes,5,https://laptoptv.vn/laptop-cu-dell-latitude-7420-core-i5-1145g7-16gb-256gb-14-0-inch-fhd
44712790,Laptop cũ Dell Latitude 5410 Core i7-10610U | 8GB | 256GB | 14 inch FHD,Dell,Laptop,Văn phòng,Cũ,6 Tháng,Core i7-10610U,8GB DDR4,256GB SSD NVMe PCIe,Intel Graphics,14 inch FHD,9380000,14880000,no,0,https://laptoptv.vn/laptop-cu-dell-latitude-5410-core-i7-10610u-8gb-256gb-man-hinh-14-inch-fhd
44712740,Laptop cũ Dell Vostro 3400 Core i5-1135G7 | 16GB | 512GB | 14 inch FHD,Dell,Laptop,Cao cấp,Cũ,6 Tháng,Intel Core i5-1135G7,16 GBLPDDR4X,512GB Nvme,Intel Iris Xe Grahics,14 inch FHD,9480000,15380000,no,0,https://laptoptv.vn/dell-vostro-3400-core-i5-1135g7-16gb-512gb-fhd
76645524,[Like new] Dell Latitude 5430 Core i5-1245U | 8GB | 256GB | 14.0 FHD,Dell,Laptop,Laptop,Likenew,6 Tháng,i5-1245U,8GB,256GB,Iris Xe,14.0 inch FHD,9490000,14860000,no,0,https://laptoptv.vn/like-new-dell-latitude-5430-core-i5-1245u-8gb-256gb-14-0-fhd
44712662,Laptop cũ Dell Latitude 7320 Core i5-1145G7 | 8GB | 256GB | 13.3 inch FHD,Dell,Laptop,Cao cấp,Cũ,6 Tháng,Intel® Core™ i5-1145G7,8GB DDR4 3200 MHz,256GB NVMe PCIe,Intel Iris Xe Graphics,13 inch FHD (1920×1080),9490000,15490000,no,0,https://laptoptv.vn/dell-latitude-7320-core-i5-1145g7-8gb-256gb-man-13-inch-fhd
44712705,Laptop cũ Dell Inspiron 5490 Core i5-10210U | 8GB | 256GB | Nvidia MX250 | 14 inch FHD,Dell,Laptop,Văn phòng,Cũ,6 Tháng,Intel Core i5-10210U,8GB DDR4,512GB NVMe PCIe,Intel Graphics,14 inch FHD,9590000,15890000,no,0,https://laptoptv.vn/dell-inspiron-5490-core-i5-10210u-8gb-256gb-mx250
61095768,[Like New] Dell latitude 5320 2in1 Core i5-1135G7 | 16GB | 256GB | 13.3 inch FHD cảm ứng,Dell,Laptop,Xoay gập,Likenew,6 Tháng,intel Core i5-1135G7,16GB DDR4,256GB Nvme,Intel Graphics,13.3 inch FHD,9680000,17420000,no,0,https://laptoptv.vn/laptop-cu-dell-latitude-5320-2in1-core-i5-1135g7-16gb-256gb-13-3-inch-fhd-cam-ung
45800849,[Like New] Dell Latitude 7400 [Vỏ nhôm] Core i7-8565U | 16GB | 512GB | 14 inch FHD,Dell,Laptop,Văn phòng,Likenew,6 Tháng,intel Core i7-8565U,16GB DDR4,512GB SSD NVMe PCIe,Intel Graphics,14 inch FHD,9680000,12980000,no,0,https://laptoptv.vn/laptop-cu-dell-latitude-7400-vo-nhom-core-i7-8565u-16gb-512gb-14-inch-fhd
45529137,Laptop cũ Dell Latitude 7390 2in1 Core i7-8650U | 16GB | 512GB | 13.3 inch Cảm ứng,Dell,Laptop,Xoay gập,Cũ,6 Tháng,intel Core i7-8650U,16GB DDR4,512GB SSD NVMe PCIe,Intel Graphics,13 inch FHD Cảm ứng,9680000,14980000,no,0,https://laptoptv.vn/laptop-cu-dell-latitude-7390-2in1-ca-m-u-ng-core-i7-8650u-16gb-512gb-man-hinh-13-3-inch-xoay-ga-p-360-1
44713004,Laptop cũ  Dell Latitude 7300 Core i7-8665U | 16GB | 256GB  | 13.3 inch FHD,Dell,Laptop,Văn phòng,Cũ,6 Tháng,Intel Core i7-8650U,16GB DDR4,512GB NVMe,Intel Graphics,13.3 inch,9680000,11480000,no,0,https://laptoptv.vn/dell-latitude-7300-core-i7-8665u-ram-16gb-ssd-256gb-man-hinh-13-3-inch-fhd-ips
44712836,Laptop cũ  Dell Inspiron 7560 Core i7-7500U | 8GB | 256GB | RTX 940MX | 15.6 inch FHD,Dell,Laptop,Văn phòng,Cũ,6 Tháng,intel Core i7-7500,8GB DDR3,SSD 256GB + HDD 500GB,NVIDIA Gefoce 940MX,15 inch,9680000,12680000,no,0,https://laptoptv.vn/laptop-cu-do-hoa-dell-inspiron-7560-core-i7-7500u-8gb-256gb-940mx-man-hinh-15-6-inch-fhd
44712828,Laptop cũ Dell Latitude 5300 2in1 Core i7-8665U | 16GB | 512GB | 13.3 inch FHD Cảm ứng,Dell,Laptop,Xoay gập,Cũ,6 Tháng,Intel Core i7-8665U,16GB DDR4,512GB,Intel Graphics,13.3 inch FHD Cảm ứng,9690000,13890000,yes,3,https://laptoptv.vn/laptop-cu-dell-latitude-5300-2in1-core-i7-8665u-16gb-512gb-13-3-inch-fhd-cam-ung
74632138,Lenovo Thinkpad T14s Gen 1 | Core i7-10610U | 16GB | 256GB | 14 inch Full HD,Lenovo,Laptop,Laptop,?,,,,,,,9780000,13680000,no,0,https://laptoptv.vn/lenovo-thinkpad-t14s-gen-1-core-i7-10610u-16gb-256gb-14-inch-full-hd
44712744,Laptop cũ Lenovo Thinkpad X13 GEN 1 Core i5-10210U | 8GB | 256GB | 14 inch FHD,Lenovo,Laptop,Văn phòng,Cũ,6 Tháng,Intel Core i5-10310U,8GB DDR4,256GB M.2 PCIe NVMe Class 35,Intel Graphics,"14.0"" FHD (1920 x 1080)",9780000,15680000,no,0,https://laptoptv.vn/lenovo-thinkpad-x13-gen-1-core-i5-10210u-8gb-256gb
76055964,[Like new] Dell Latitude 5421 Core i5 11400H | 8GB | 256GB | 14 inch FHD,Dell,Laptop,Laptop,Likenew,6 Tháng,i5-11400H,8GB,256GB,card on,14 inch FHD,9880000,12860000,no,0,https://laptoptv.vn/like-new-dell-latitude-5421-core-i5-11400h-8gb-256gb-14-inch-fhd
47761519,Laptop cũ Dell Inspiron 7567 | Core i7-7700HQ | 8GB | 256GB | GTX 1050Ti,Dell,Laptop,Gaming,Cũ,,Core i7-7700HQ,,256 GB SSD NVMe PCIe,NVIDIA GTX 1050Ti,15.6 inch FHD,9880000,15680000,no,0,https://laptoptv.vn/laptop-cu-dell-inspiron-7567-core-i7-7700hq-8gb-256gb-gtx-1050ti
44712907,[Like New] Dell Latitude 7410 Core i7-10510U | 16GB | 512GB | 14 inch FHD,Dell,Laptop,Văn phòng,Likenew,6 Tháng,Intel Core i7-10510U,16GB DDR4,512GB NVMe,Intel Graphics,14 inch,9880000,16560000,no,0,https://laptoptv.vn/dell-latitude-7410-core-i7-10510u-16gb-512gb
44712849,Laptop cũ Dell Latitude 5310 2in1 Core i7-10610U | 8GB | 256GB | 13.3 inch FHD Cảm ứng,Dell,Laptop,Xoay gập,Cũ,6 Tháng,,8GB DDR4,M.2 NMVe 256GB,Intel Graphics,"13.3"" FHD Cảm ứng",9880000,14580000,no,0,https://laptoptv.vn/laptop-cu-dell-latitude-5310-2in1-cam-ung-core-i7-10610u-8gb-256gb-man-hinh-13-3-inch-fhd-cam-ung
44712848,Laptop cũ Dell Latitude 5310 2in1 Core i5-10210U | 16GB | 512GB | 13.3 inch FHD Cảm ứng,Dell,Laptop,Xoay gập,Cũ,6 Tháng,Intel Core i5-10210U,16GB DDR4,SSD M.2 NMVe 512GB,Intel Graphics,"13.3"" FHD Cảm ứng",9880000,14980000,yes,4,https://laptoptv.vn/laptop-cu-dell-latitude-5310-2in1-cam-ung-core-i5-10210u-16gb-512gb-man-hinh-13-3-inch-fhd-cam-ung
44712830,Laptop cũ Lenovo Thinkpad X1 Carbon Gen 6 Core i7-8550U | 16GB | 512GB | 14 inch FHD,Lenovo,Laptop,Văn phòng,Cũ,6 Tháng,Intel Core I7-8550U,16GB LPDDR4,M.2 NMVe 512GB,Intel Graphics,14 inch FHD,9880000,14680000,no,0,https://laptoptv.vn/laptop-cu-lenovo-thinkpad-x1-carbon-gen-6-core-i7-8550u-16gb-512gb-fhd
44712708,Laptop Gaming cũ Dell Inspiron 5577 Core i7-7700HQ | 8GB | 128GB + HDD 500GB | GTX 1050 4GB | 15.6 inch FHD,Dell,Laptop,Văn phòng,Cũ,6 Tháng,Intel Core i7 - 7700HQ,8GB DDR4,128GB + HDD 500GB,NVIDIA GeForce GTX 1050 4GB DDR5,15.6 Full HD,9880000,13480000,no,0,https://laptoptv.vn/dell-inspiron-5577-core-i7-7700hq-8gb-128gb-hdd-500gb-gtx1050
44712630,Laptop cũ HP Elitebook 1030  X360 Core i5-7200U | 16GB 256GB | 13 icnh FHD Cảm ứng,HP,Laptop,Xoay gập,Cũ,6 Tháng,Intel Core i5-7200U,8GB DDR4,SSD M.2 NMVe 256GB,Intel Graphics,"13"" FHD Cảm ứng",9880000,12480000,no,0,https://laptoptv.vn/hp-elitebook-x360-cam-ung-1030-core-i5-7200u-16gb-256gb
55832369,[Like New] HP Probook 440 G8 Core i5-1135G7 | 16GB | 256GB | 14 inch FHD,HP,Laptop,Văn phòng,Likenew,6 Tháng,Intel Core i5-8365U,,M.2 NMVe 256GB,Intel Graphics,15.6 FHD,9980000,16890000,no,0,https://laptoptv.vn/laptop-cu-hp-probook-440-g8-core-i5-1135g7-16gb-256gb-14-inch-fhd
44712975,[Like New] Dell Latitude 7410 2in1 Core i5-10310U | 16GB | 256GB | 14 inch FHD Cảm ứng,Dell,Laptop,Xoay gập,Likenew,6 Tháng,Intel Core i5-10310U,16GB DDR4,SSD 256GB NVMe,Intel Graphics,14 inch FHD Cảm ứng,9980000,16960000,no,0,https://laptoptv.vn/laptop-cu-dell-latitude-7410-2in1-ca-m-u-ng-core-i5-10310u-16gb-256gb-man-hinh-14-inch-fhd-cam-ung-xoay-ga-p-360
44713013,Laptop cũ Dell Precision 6800 Core i7-4800MQ | 8GB | 256GB | K3100M | 17 inch FHD,Dell,Laptop,Đồ hoạ,Cũ,6 Tháng,Intel Core i7-4800MQ,8GB DDR4,256GB NVMe,Quardo K3100,17 inch FHD,9990000,12890000,no,0,https://laptoptv.vn/laptop-cu-dell-precision-6800-core-i7-4800mq-8gb-256gb-k3100m-man-hinh-17-inch
44712686,Laptop cũ Dell Precision 5510 Core i7-6820HQ | 8GB | 512GB | M1000M | 15.6 inch FHD,Dell,Laptop,Đồ hoạ,Cũ,6 Tháng,Core i7 6820HQ,8GB DDR4,512GB NVMe PCIe,NVIDIA Quadro M1000M,15.6 inch FHD,10000000,18460000,no,0,https://laptoptv.vn/dell-precision-5510-core-i7-6820hq-8gb-512gb-m1000m
86038073,[Like New] Dell Latitude 5520 Core i5-1135G7 | 16GB | 256GB | 15.5 inch FHD,Dell,Laptop,Laptop,Likenew,6 Tháng,i5-1135G7,16GB,256GB,Iris Xe,15.6 inch FHD,10180000,13680000,no,0,https://laptoptv.vn/like-new-dell-latitude-5520-core-i5-1135g7-16gb-256gb-15-5-inch-fhd
83646192,Laptop cũ HP Elitebook 830 G8 Core i5-1135G7 | 16GB | 256GB | 14 inch FHD,HP,Laptop,Văn phòng,Cũ,6 Tháng,i5-1135G7,16GB,256GB,Iris Xe,14 inch FHD,10280000,14860000,no,0,https://laptoptv.vn/laptop-cu-hp-elitebook-830-g8-core-i5-1135g7-16gb-256gb-14-inch-fhd
44712825,[Like New] Dell latitude 5320 2in1 Core i5-1135G7 | 16GB | 512GB | 13.3 inch FHD cảm ứng,Dell,Laptop,Xoay gập,Likenew,6 Tháng,intel Core i5-1135G7,16GB 3200MHz DDR4,512GB SSD NVMe PCIe,Intel Graphics,13.3 inch FHD,10280000,17980000,no,0,https://laptoptv.vn/laptop-cu-dell-latitude-5320-2in1-core-i5-1135g7-16gb-512gb-13-3-inch-fhd-cam-ung
44712824,Laptop cũ Lenovo Thinkpad X1 Carbon Gen 6 Core i7-8550U | 16GB | 256GB | 14 inch 2K,Lenovo,Laptop,Văn phòng,Cũ,6 Tháng,Intel Core I7-8550U,16GB LPDDR3,M.2 NMVe 256,Intel Graphics,14 inch 2K,10380000,14890000,no,0,https://laptoptv.vn/laptop-cu-lenovo-thinkpad-x1-carbon-gen-6-core-i7-8550u-16gb-256gb-2k
76686034,[Like New] Dell Latitude 7420 [Vỏ nhôm] Core i5-1145G7 | 16GB | 256GB | 14.0 inch FHD,Dell,Laptop,Xoay gập,Likenew,6 Tháng,Intel Core i5-1145G7,16GB DDR4,256GB NVMe PCIe,Iris Xe Graphics,14 inch FHD,10390000,12980000,no,0,https://laptoptv.vn/like-new-dell-latitude-7420-vo-nhom-core-i5-1145g7-16gb-256gb-14-0-inch-fhd
44712725,Laptop cũ Lenovo Thinkpad P51 Core I7-7700HQ | 16GB | 256GB | Quadro M1200 | 15.6 inch FHD 100% sRGB,Lenovo,Laptop,Đồ hoạ,Cũ,6 Tháng,Intel Core i7-7700HQ,8GB DDR4 2400MHz,M.2 NMVe 256GB,NVIDIA Quadro M1200,"14"" FHD Cảm ứng",10480000,14800000,no,0,https://laptoptv.vn/lenovo-thinkpad-p51-core-i7-7700hq-16gb-256-gb-m1200
61095842,[Like New] Dell latitude 5320 2in1 Core i7-1185G7 | 16GB | 256GB | 13.3 inch FHD Cảm ứng,Dell,Laptop,Xoay gập,Likenew,6 Tháng,intel Core i7-1185G7,16GB DDR4,256GB SSD NVMe PCIe,Intel Graphics,13.3 inch FHD,10680000,21230000,no,0,https://laptoptv.vn/laptop-cu-dell-latitude-5320-2in1-core-i7-1185g7-16gb-256gb-13-3-inch-fhd-cam-ung
44712980,[Like New] Dell Latitude 7400 2in1 Core i7-8665U | 16GB | 512GB | Intel UHD Graphics | 14inch FHD Cảm ứng,Dell,Laptop,Xoay gập,Likenew,6 Tháng,Intel Core i7-8665U,16GB DDR4,512GB NVMe,Intel Graphics,14 inch FHD Cảm ứng,10680000,13480000,yes,44,https://laptoptv.vn/laptop-cu-dell-latitude-7400-2in1-cam-ung-core-i7-8665u-ram-16gb-ssd-512gb-intel-uhd-graphic-14inch-cam-ung
44712864,Laptop cũ Dell Precision 7520 Core i7-7920HQ | 16GB | 256GB | M2200M | 15.6 inch FHD,Dell,Laptop,Đồ hoạ,Cũ,6 Tháng,intel Core i7- 7820HQ,16GB DDR4,M.2 NMVe 512GB,NVIDIA Quadro M1200M,15.6 inch FHD,10680000,13180000,no,0,https://laptoptv.vn/laptop-cu-dell-precision-7520-core-i7-7920hq-16gb-256gb-m2200m-15-6-inch-fhd
44712840,Laptop cũ Lenovo Thinkpad X1 Carbon Gen 8 Core i5-10310U | 16GB | 256GB | 14 inch FHD,Lenovo,Laptop,Cao cấp,Cũ,6 Tháng,intel Core i5-10310U,16GB DDR4,M.2 NMVe 256GB,Intel Graphics,14 inch,10680000,16860000,no,0,https://laptoptv.vn/laptop-cu-cao-cap-lenovo-thinkpad-x1-carbon-gen-8-core-i5-10310u-16gb-256gb-fhd
44712835,Laptop cũ Lenovo Thinkpad X1 Carbon Gen 7 Core i7-8550U[8665U] | 16GB | 256GB | 14 inch FHD,Lenovo,Laptop,Văn phòng,Cũ,6 Tháng,,16GB LPDDR4,SSD M.2 NMVe 256GB,Intel Graphics,14 inch FHD,10680000,16800000,no,0,https://laptoptv.vn/laptop-cu-lenovo-thinkpad-x1-carbon-gen-7-core-i7-8250u-8665u-16gb-256gb-fhd
44712716,Laptop cũ Dell Inspiron 7415 2in1  Ryzen 5- 5625U | 8GB | 512GB | 14 inch FHD+ Cảm ứng,Dell,Laptop,Xoay gập,Cũ,6 Tháng,Ryzen 5-5500U,8GB DDR4,256GB NVMe PCIe,onboard,14 inch FHD Cảm ứng,10680000,18990000,no,0,https://laptoptv.vn/dell-inspiron-7415-2in1-cam-ung-ryzen-5-5500u-8gb-256gb-xoay-ga-p-360
44712687,Laptop cũ  Dell Precision 7530 Core i7-8750H | 16GB | 512GB | Quadro P1000 | 15.6 inch FHD,Dell,Laptop,Đồ hoạ,Cũ,6 Tháng,Intel® Core™ i7-8750H,16GB DDR4,512GB NVMe PCIe,NVIDIA Quadro P1000,15.6 inch FHD,10800000,23890000,no,0,https://laptoptv.vn/dell-precision-7530-core-i7-8750h-16gb-512gb-nvidia-quadro-p1000-15-6-inch-fhd
44713031,[New 100%] Dell Inspiron 3501 Core i5-1135G7 | 8GB 256GB | 15.6 inch FHD [Màu bạc],Dell,Laptop,Văn phòng,Mới,12 Tháng,Intel Core i5- 1135G7,8GB DDR4,256GB NVMe,Iris Xe Graphics,15.6 inch,10880000,13980000,no,0,https://laptoptv.vn/dell-inspiron-3501-mau-bac-core-i5-1135g7-8gb-256gb-man-hinh-15-6-inch-fhd
44712965,[Like New] Dell Inspiron 3501  Core i5-1135G7 | 8GB | 256GB | 15.6 inch FHD [Màu đen],Dell,Laptop,Văn phòng,Likenew,6 Tháng,Intel Core i5-1135G7,8GB DDR4,256GB NVMe,Iris Xe Graphics,15.6 inch,10880000,15860000,no,0,https://laptoptv.vn/dell-inspiron-3501-mau-den-core-i5-1135g7-8gb-256gb-man-hinh-15-6-inch-fhd
44712913,Laptop cũ HP Elitebook X360 1030 Core i7-7600U | 16GB | 256GB | 13 inch FHD Cảm ứng,HP,Laptop,Xoay gập,Cũ,6 Tháng,Intel Core i7-7600U,16GB DDR4,512GB NVMe,Intel Graphics,13.3 inch Cảm ứng,10880000,13980000,no,0,https://laptoptv.vn/laptop-cu-hp-elitebook-x360-cam-ung-1030-core-i7-7600u-16gb-256gb
44712812,Laptop cũ  Dell XPS 9365 2in1 Core i5-8200Y | 8GB | 256GB | 13.3 inch  FHD Cảm ứng,Dell,Laptop,Xoay gập,Cũ,6 Tháng,Intel Core i5,8GB DDR4,256GB SSD NVMe PCIe,Intel Graphics,13.3 inch FHD,10880000,14980000,no,0,https://laptoptv.vn/laptop-cu-dell-xps-9365-2in1-core-i5-8200y-8gb-256gb-13-3-inch-fhd-cam-ung
44712706,Laptop cũ Dell Inspiron 5498 Core i5-10210U | 8GB | 512GB | Nvidia MX250 | 14 inch FHD,Dell,Laptop,Văn phòng,Cũ,6 Tháng,Intel Core i5-10210U,8GB DDR4 2400MHz,512GB NVMe PCIe,Intel Graphics,14 inch FHD,10880000,19890000,no,0,https://laptoptv.vn/dell-inspiron-5498-core-i5-10210u-8gb-512gb-mx250
44712701,Laptop cũ Dell Inspiron 5391 Core i5-10210U | 8GB | 512GB | 13.3 inch FHD,Dell,Laptop,Văn phòng,Cũ,6 Tháng,Intel Core i5-10210U,8GB DDR4,512GB  NVMe PCIe,Intel Graphics,13.3 inch FHD,10880000,18890000,no,0,https://laptoptv.vn/dell-inspiron-5391-core-i5-10210u-8gb-512gb-mx250
44712663,[Like new] Laptop Dell Latitude 7430 Core i5-1245U | 16GB | 256GB | 14 inch FHD,Dell,Laptop,Cao cấp,Likenew,6 Tháng,Intel® Core™ i5-1245U,16GB DDR4 3200 MHz,256GB PCIe NVMe (M.2 SSD),Intel®Iris® Xe Graphics,14.0″ FHD (1920×1080) AG,10880000,24990000,no,0,https://laptoptv.vn/dell-latitude-7430-core-i5-1245u-16gb-256gb-man-14-0-inch-fhd
76686395,[Like New] Dell Latitude 7420 [Vỏ nhôm] Core i5-1145G7 | 16GB | 256GB | 14.0 inch 3K,Dell,Laptop,Xoay gập,Likenew,6 Tháng,Intel Core i5-1145G7,16GB DDR4,256GB NVMe PCIe,Iris Xe Graphics,14 inch 3K,10890000,13980000,no,0,https://laptoptv.vn/like-new-dell-latitude-7420-vo-nhom-core-i5-1145g7-16gb-256gb-14-0-inch-3k
82727286,Laptop cũ Dell Latitude 7320 Detachable Core i5-1145G7 | 8GB | 256GB | 13.3 inch FHD CẢM ỨNG,Dell,Laptop,Cao cấp,Cũ,6 Tháng,Intel® Core™ i5-1145G7,8GB DDR4 3200 MHz,256GB NVMe PCIe,Intel Iris Xe Graphics,13 inch FHD (1920×1080),10980000,16490000,no,0,https://laptoptv.vn/laptop-cu-dell-latitude-7320-detachable-core-i5-1145g7-8gb-256gb-13-3-inch-fhd-cam-ung
81127070,[Like New] Dell Latitude 5440 Core I5 1350P | 8GB | 256GB | 14 inch FHD,Dell,Laptop,Laptop,Likenew,6 Tháng,i5-1345U,16GB,256GB,Iris Xe,14 inch FHD,10980000,15680000,no,0,https://laptoptv.vn/like-new-dell-latitude-5440-core-i5-1345u-16gb-256gb-14-inch-fhd
44713007,Laptop cũ Dell Precision 6800 Core i7-4930MQ | 8GB | 256GB | Quardo K3100M | 17 inch FHD,Dell,Laptop,Đồ hoạ,Cũ,6 Tháng,Intel Core i7-4930MQ,8GB DDR4,256GB Nvme,Intel Graphics,,10980000,13880000,no,0,https://laptoptv.vn/laptop-cu-dell-precision-6800-core-i7-4930mq-8gb-256gb-k3100m-man-hinh-17-inch
44712966,[Like New] Dell Latitude 7410 2in1 Core i7-10610U | 16GB | 512GB | 14 inch FHD Cảm ứng,Dell,Laptop,Xoay gập,Likenew,6 Tháng,Intel Core i7,16GB DDR4,512GB NVMe,Intel Graphics,14 inch FHD Cảm ứng,10980000,16480000,no,0,https://laptoptv.vn/laptop-cu-dell-latitude-7410-2in1-cam-ung-core-i5-core-i7-man-hinh-14-inch-fhd-xoay-ga-p-360
44712961,[Like New] Dell Latitude 7420 2in1 [vỏ carbon] Core i5-1145G7 | 16GB | 256GB | 14.0 inch FHD,Dell,Laptop,Xoay gập,Likenew,6 Tháng,Intel Core i5-1145G7,16GB DDR4,SSD 256GB NVMe,Iris Xe Graphics,14 inch FHD Cảm ứng,10980000,12980000,yes,5,https://laptoptv.vn/dell-latitude-7420-2in1-core-i5-1145g7-16gb-256gb-14-0-inch-fhd
44712629,Laptop cũ HP Elitebook 1040 G6 X360 Core i5-8250U | 16GB | 256GB | 14 inch FHD Cảm ứng,HP,Laptop,Xoay gập,Cũ,6 Tháng,Intel Core i5-8250U,16GB DDR4 3200Mhz,SSD M.2 NMVe 256GB,Intel Graphics,14 inch,10980000,13888000,no,0,https://laptoptv.vn/hp-elitebook-x360-cam-ung-1040-core-i5-8250u-16gb-256gb
44712834,Laptop cũ Lenovo Thinkpad X1 Carbon Gen 7 Core i7-8550U [8665U] | 16GB | 256GB | 14 inch FHD Cảm ứng,Lenovo,Laptop,Văn phòng,Cũ,6 Tháng,Intel Core i7-8550U[8665U],16GB LPDDR3,M.2 NMVe 256GB,Intel Graphics,14 inch FHD Cảm ứng,11180000,17680000,no,0,https://laptoptv.vn/laptop-cu-lenovo-thinkpad-x1-carbon-gen-7-core-i7-8250u-8665u-16gb-256gb-fhd-cam-ung
54982391,[LikeNew] Dell Inspiron 7415 2in1  Ryzen 7- 5700U | 16GB | 512GB | 14 inch FHD Cảm ứng,Dell,Laptop,Xoay gập,Likenew,6 Tháng,AMD Ryzen 7-5700U,16GB DDR4,512GB NVMe PCIe,onboard,14 inch FHD Cảm ứng,11280000,17960000,yes,3,https://laptoptv.vn/likenew-dell-inspiron-7415-2in1-ryzen-7-5700u-16gb-512gb-14-inch-fhd-cam-ung
44712695,Like new Dell Inspiron 3511  Core i5-1135G7 | 16GB | 512GB | 15.6 inch FHD 60Hz,Dell,Laptop,Văn phòng,Likenew,6 Tháng,Intel Core i5-1135G7,16G DDR4,512GB NVMe PCIe,Intel Graphics,15.6 inch FHD,11280000,13890000,no,0,https://laptoptv.vn/dell-inspiron-3511-mau-bac-core-i5-1135g7-16gb-512gb
44712902,Laptop cũ Lenovo Thinkpad X1 Carbon Gen 6 [Màu Bạc] Core i7-8665U | 16GB | 256GB | 14 inch FHD Cảm ứng,Lenovo,Laptop,Văn phòng,Cũ,6 Tháng,Intel Core i7,16GB DDR4,256GB NVMe,Intel Graphics,14 inch FHD Cảm ứng,11380000,18600000,no,0,https://laptoptv.vn/lenovo-thinkpad-x1-carbon-gen-6-mau-bac-ca-m-u-ng-core-i7-8665u-16gb-256gb
44712839,[Like New] Laptop Dell XPS 9380 Core i5-8265U | 8GB | 256GB | 13.3 inch FHD,Dell,Laptop,Laptop,Likenew,6 Tháng,Intel Core i5-8250U,8GB DDR4,256GB SSD NVMe PCIe,Intel Graphics,"13.3"" FHD (1920x1080)",11380000,15980000,no,0,https://laptoptv.vn/laptop-cu-cao-cap-dell-xps-9380-core-i5-8265u-8gb-256gb-man-hinh-13-3-inch-fhd-4k
44712946,[Like new] Dell Inspiron 5402 Core i5-1135G7 | 16GB | 512GB | 14 inch FHD,Dell,Laptop,Cao cấp,Likenew,6 Tháng,Intel Core i5-1135G7,16GB DDR4,512GB NVMe,Iris Xe Graphics,14 inch,11480000,14980000,no,0,https://laptoptv.vn/dell-inspiron-5402-core-i5-1135g7-16gb-512gb-14-inch-fhd-1
44712823,[Like New] Dell XPS 9370 Core i7-8550U | 16GB | 256GB | 13.3 inch FHD | 13.3 inch FHD,Dell,Laptop,Cao cấp,Likenew,6 Tháng,intel Core i7 8550U,16GB DDR4,256GB SSD NVMe PCIe,Intel Graphics,13.3 inch FHD,11480000,16890000,no,0,https://laptoptv.vn/laptop-cu-cao-cap-dell-xps-9370-core-i7-8550u-16gb-256gb-13-3-inch-fhd-13-3-inch-fhd
44712772,Laptop cũ HP Elitebook X360 1040 G6 Core i7-8650U | 16GB | 512GB | 14 inch FHD Cảm ứng,HP,Laptop,Xoay gập,Cũ,6 Tháng,Intel Core i7,16GB,512GB,Intel Graphics,14 inch,11480000,14790000,no,0,https://laptoptv.vn/laptop-cu-hp-elitebook-x360-1040-g6-core-i7-8650u-16gb-512gb-14-inch-fhd
44712809,Laptop cũ  Dell XPS 9360 Core i5-7200U | 8GB | 256GB | 13.3 inch FHD Cảm ứng,Dell,Laptop,Laptop,Cũ,6 Tháng,Intel Core i5,8GB DDR3,256GB SSD NVMe PCIe,Intel Graphics,13.3 inch FHD,11590000,16980000,no,0,https://laptoptv.vn/laptop-cu-cao-cap-dell-xps-9360-core-i5-7200u-8gb-256gb-man-hinh-13-3-inch-fhd-cam-ung
44712899,Laptop cũ HP Pavilion x360 Core i3-1115G4 | 8GB | 128GB | 14 inch FHD,HP,Laptop,Xoay gập,Cũ,6 Tháng,Intel Core i3-1135G4,8GB DDR4,128GB NVMe,Intel Graphics,14 inch Cảm ứng,11650000,13980000,no,0,https://laptoptv.vn/laptop-cu-2in1-hp-pavilion-x360-cam-ung-core-i3-1115g4-8gb-128gb
44712850,Laptop cũ Lenovo Thinkpad X1 Carbon Gen 8 Core i7-10610U | 16GB | 256GB | 14 inch FHD,Lenovo,Laptop,Cao cấp,Cũ,6 Tháng,intel Core i7-10610U,16GB DDR4,M.2 NMVe 512GB,Intel Graphics,14 inch,11680000,15880000,no,0,https://laptoptv.vn/laptop-cu-cao-cap-lenovo-thinkpad-x1-carbon-gen-8-core-i7-10610u-16gb-512gb-fhd
44712822,[Like New] Dell latitude 5320 2in1 Core i7-1185G7 | 16GB | 512GB | 13.3 inch FHD Cảm ứng,Dell,Laptop,Xoay gập,Likenew,6 Tháng,intel Core i7-1185G7,16GB DDR4,512GB SSD NVMe PCIe,Intel Graphics,13.3 inch FHD,11680000,21930000,no,0,https://laptoptv.vn/laptop-cu-dell-latitude-5320-2in1-core-i7-1185g7-16gb-512gb-fhd-cam-ung
69475166,[Like New] Dell Latitude 7410 2in1 [Vỏ nhôm] Core i5-10310U | 16GB | 512GB | 14 inch FHD Cảm ứng,Dell,Laptop,Xoay gập,Likenew,6 Tháng,Intel Core i5-10310U,16GB DDR4,512GB NVMe,Intel Graphics,14 inch FHD Cảm ứng,11780000,17860000,no,0,https://laptoptv.vn/like-new-dell-latitude-7410-2in1-vo-nhom-core-i5-10310u-16gb-512gb-14-inch-fhd-cam-ung
44712896,Laptop cũ HP Pavilion x360 Core I3-1215U | 8GB | 256GB | 14 inch FHD Cảm ứng,HP,Laptop,Xoay gập,Cũ,6 Tháng,Intel Core i3-1215U,8GB DDR4,256GB NVMe,Intel Graphics,14 inch Cảm ứng,11790000,14880000,no,0,https://laptoptv.vn/laptop-cu-2in1-hp-pavilion-x360-cam-ung-core-i3-1215u-ssd256
46678833,Laptop cũ Dell Inspiron 15 3535 Ryzen 5-7520U | 8GB | 512GB | 15.6 inch FHD 120Hz,Dell,Laptop,Văn phòng,Cũ,6 Tháng,,8GB DDR4,512GB Nvme,onboard,15.6 inch FHD 120Hz,11880000,9800000,no,0,https://laptoptv.vn/dell-latitude-7490-core-i7-8650u-8gb-256gb-man-hinh-14-inch-fhd-1
75521373,[Like New] Dell Latitude 7410 2in1 [Vỏ nhôm] Core i7-10610U | 16GB | 256GB | 14 inch FHD Cảm ứng,Dell,Laptop,Xoay gập,Likenew,6 Tháng,Intel Core i7-10610U,16GB DDR4,256GB Nvme,Intel Graphics,14 inch FHD Cảm ứng,11890000,19380000,no,0,https://laptoptv.vn/like-new-dell-latitude-7410-2in1-vo-nhom-core-i7-10610u-16gb-256gb-14-inch-fhd-cam-ung
44712771,Laptop cũ Dell XPS 7390 Core i5-10210U | 8GB | 256GB | 13.3 inch FHD,Dell,Laptop,Laptop,Cũ,6 Tháng,Intel Core i5,8GB,256GB,Intel Graphics,13.3 inch,11890000,14990000,no,0,https://laptoptv.vn/laptop-cu-cao-cap-dell-xps-7390-core-i5-10210u-8gb-256gb-man-hinh-13-3-inch-fhd
76555721,Dell Latitude 7320 2in1 Core i5-1135G7 | 16GB | 256GB | 13.3 inch FHD cảm ứng,Dell,Laptop,Cao cấp,Cũ,6 Tháng,,,,,,11980000,14490000,no,0,https://laptoptv.vn/dell-latitude-7320-2in1-core-i5-1135g7-16gb-256gb-13-3-inch-fhd-cam-ung
53460623,[Like New] Dell Latitude 7420 2in1 [Vỏ nhôm] Core i5-1145G7 | 16GB | 256GB | 14 inch FHD Cảm ứng,Dell,Laptop,Laptop,Likenew,6 Tháng,Core i5-1145G7,16GB DDR4,256GB NVMe PCIe,Intel Iris Xe Graphics,14 inch Cảm ứng,11980000,22380000,no,0,https://laptoptv.vn/laptop-cu-dell-latitude-7420-2in1-vo-nhom-core-i7-1165g7-32gb-512gb-14-inch-fhd-cam-ung-1
44713053,[Like New] Dell Latitude 9410 2in1 Core i5-10210U | 16GB | 256GB | 14 inch FHD,Dell,Laptop,Xoay gập,Likenew,6 Tháng,Core i5- 10210U,,256GB NVMe,onboard,14inch,11980000,15980000,yes,4,https://laptoptv.vn/dell-latitude-9410-2in1-core-i5-10210u-16g-256gb-man-hinh-14-inch-fhd
44712905,[Like New] Dell Latitude 7420 [Vỏ Carbon] Core i7-1185G7 | 16GB | 512GB | 14 inch FHD,Dell,Laptop,Cao cấp,Likenew,6 Tháng,Intel Core i7-1185G7,16GB DDR4,512GB NVme,Intel Graphics,14 inch FHD,11980000,15190000,no,0,https://laptoptv.vn/dell-latitude-7420-core-i7-1185g7-ram-16gb-ssd-512gb-man-14-0-inch-fhd
50780892,Laptop cũ Dell Precision 7540 Core i7-9850H | 16GB | 512GB | T1000 | 15.6 inch FHD,Dell,Laptop,Đồ hoạ,Cũ,6 Tháng,Intel Core i7,16GB,512GB SSD NVMe PCIe,Intel Graphics,15.6 inch FHD,11990000,17490000,no,0,https://laptoptv.vn/laptop-cu-dell-precision-7540-core-i7-9850h-16gb-512gb-t1000-15-6-inch-fhd
44712645,[New 100%] Laptop Acer Aspire 5 A514-54 Core i5-1135G7 | 8GB | 256GB | 14 inch FHD,Acer,Laptop,Văn phòng,Mới,12 Tháng,Intel Core i5-1135G7,8GB DDR4 3200Mhz,SSD M.2 NMVe 256GB,Iris Xe Graphics,14 inch,11990000,15680000,yes,0,https://laptoptv.vn/laptop-moi-acer-aspire-5-a514-54-core-i5-1135g7-8gb-256gb
53072507,[Like New] Dell Latitude 7430  Core i7-1265U | 16GB | 256GB | 14 inch,Dell,Laptop,Laptop,Likenew,6 Tháng,Intel Core i7-1265U,16GB,512GB NVMe,Intel Graphics,14 inch FHD,12280000,23900000,no,0,https://laptoptv.vn/laptop-cu-dell-latitude-7430-core-i7-1265u-16gb-256gb-14-inch
45803389,Laptop Cũ Asus Vivobook 14 OLED A1405VA-KM059W Core i5-13500H | 16GB | 512GB | 14 inch 2.8K OLED | Win 11[Đen],Asus,Laptop,Laptop,Cũ,,Intel Core i5-13500H,8GB DDR3,512GB Nvme,Intel Iris Xe Graphics,14 inch 2.8K OLED,12380000,18890000,no,0,https://laptoptv.vn/laptop-cu-asus-vivobook-14-oled-a1405va-km059w-core-i5-13500h-8gb-512gb-14-inch-2-8k-oled-win-11-den
67420937,[PC] Dell Tower ECT1250 | Intel Core i3-14100 | RAM 8GB DDR4 | 512GB SSD | Intel UHD Graphics 730,Dell PC,PC,PC,?,12 Tháng,Intel Core i3-14100,8GB DDR4,512GB SSD gpu_Intel UHD Graphics 730,,,12480000,0,no,0,https://laptoptv.vn/pc-dell-tower-ect1250-intel-core-i3-14100-ram-8gb-ddr4-512gb-ssd-intel-uhd-graphics-730
44712948,[Like new] Dell Inspiron 5402 Core i7-1165G7 | 16GB | 512GB | 14 inch FHD,Dell,Laptop,Cao cấp,Likenew,6 Tháng,Intel Core i7-1165G7,16GB DDR4,512GB NVMe,Iris Xe Graphics,14 inch,12480000,15980000,no,0,https://laptoptv.vn/dell-inspiron-5402-core-i7-1165g7-16gb-512gb-14-inch-fhd
44712741,Laptop cũ Dell Vostro 3420 [Màu Xám] Core i5-1235U | 8GB | 512GB | 14 inch FHD IPS,Dell,Laptop,Cao cấp,Cũ,6 Tháng,Intel Core i5-1235U,8GB DDR4,512GB NVMe PCIe,Intel Iris XE Graphcis,14 inch FHD,12480000,18800000,no,0,https://laptoptv.vn/dell-vostro-3420-core-i5-1235u-8gb-512gb-fhd-ips-mau-xam
44712932,Laptop cũ Dell Inspiron 5510 Core i5-11300H | 16GB | 512GB | 15.6 inch FHD,Dell,Laptop,Văn phòng,Cũ,6 Tháng,Intel Core i5-11300H,16GB DDR4,512GB Nvme,Iris Xe Graphics,15.6 inch,12490000,17980000,no,0,https://laptoptv.vn/laptop-cu-cao-cap-dell-inspiron-5510-core-i5-11300h-16gb-512gb-man-hinh-15-6-inch-fhd
44712703,Laptop cũ Dell Inspiron 5406 2in1 Core i3-1115G4 | 8GB | 256GB | 14 inch FHD  Cảm ứng,Dell,Laptop,Xoay gập,Cũ,6 Tháng,Intel Core i3-1115G4,8GB DDR4,256GB NVMe PCIe,Intel Graphics,14 inch FHD+ Cảm ứng,12540000,14680000,no,0,https://laptoptv.vn/dell-inspiron-5406-2in1-ca-m-u-ng-core-i3-1115g4-8gb-256gb-xoay-ga-p-360
74183005,Laptop cũ Dell Inspiron 5410 Core i7-11370H | 16GB | 512GB | 14 inch FHD,Dell,Laptop,Xoay gập,Cũ,6 Tháng,Intel Core i7-1195G7,16GB DDR4,512GB NVMe,Intel Graphics,14 inch FHD Cảm ứng,12590000,18680000,no,0,https://laptoptv.vn/laptop-cu-dell-inspiron-5410-core-i7-11370h-16gb-512gb-14-inch-fhd
44712829,[Like New] Dell XPS 9380 Core i7-8650U | 16GB | 512GB | 13.3 inch FHD,Dell,Laptop,Laptop,Likenew,6 Tháng,Intel Core i7-8650U,16GB DDR4,512GB SSD NVMe PCIe,Intel Graphics,13.3 inch FHD,12680000,15690000,no,0,https://laptoptv.vn/laptop-cu-dell-xps-9380-core-i7-8650u-16gb-512gb-man-hinh-13-3-inch-fhd
44712992,Laptop cũ Dell Precision 5530 Core i7-8850H | 16GB | 512GB | P1000 | 15.6 inch FHD,Dell,Laptop,Đồ hoạ,Cũ,6 Tháng,Intel Core i7-8850H,16GB DDR4,512GB NVMe,Quardo P1000,15.6 inch FHD,12780000,16880000,no,0,https://laptoptv.vn/laptop-cu-dell-precision-5530-core-i7-8850h-16gb-512gb-p1000-man-hinh-15-6-inch-fhd
44712696,[New100%] Laptop Dell Inspiron 3520 Core i5-1235U | 8GB | 512GB | 15.6 inch FHD 60hz,Dell,Laptop,Văn phòng,Mới,12 Tháng,Intel Core i5-1235U,8GB DDR4,512GB NVMe PCIe,Intel Iris XE Graphcis,15.6 inch FHD Touch,12790000,18360000,no,0,https://laptoptv.vn/dell-inspiron-3520-core-i5-1235u-8gb-512gb-15-6-inch-fhd-60hz-touch
44712818,Laptop cũ Dell XPS 9365 2in1 Core i7-7Y75 | 16GB | 256GB | 13.3 inch Cảm ứng,Dell,Laptop,Xoay gập,Cũ,6 Tháng,Intel Core i7,16GB DDR4,256GB SSD NVMe PCIe,Intel Graphics,13.3 inch FHD,12880000,16980000,no,0,https://laptoptv.vn/laptop-cu-cao-cap-dell-xps-9365-2in1-cam-ung-core-i7-7y75-16gb-256gb-man-hinh-13-3-inch-xoay-ga-p-360
44712806,Laptop cũ  Dell XPS 9360 Core i7-7500U | 8GB | 256GB | 13.3 inch 3K Cảm ứng,Dell,Laptop,Laptop,Cũ,6 Tháng,Intel Core i7,8GB DDR3,256GB SSD NVMe PCIe,Intel Graphics,13.3 inch,12890000,15980000,no,0,https://laptoptv.vn/laptop-cu-cao-cap-dell-xps-9360-cam-ung-core-i7-7500u-8gb-256gb-man-hinh-13-3-inch-3k-cam-ung
53868016,[Like New] Dell Latitude 7420 [Vỏ nhôm] Core i7-1185G7 | 16GB | 512GB | 14.0 inch FHD,Dell,Laptop,Xoay gập,Likenew,6 Tháng,Intel Core i7-1185G7,16GB DDR4,512GB NVMe,Iris Xe Graphics,14inch FHD,12980000,16990000,yes,3,https://laptoptv.vn/laptop-cu-dell-latitude-7420-vo-nhom-core-i7-1185g7-16gb-512gb-14-0-inch-fhd
44713056,[Like New] Dell Latitude 9410 2in1 Core i7-10610U |  16GB | 256GB | 14 inch FHD,Dell,Laptop,Xoay gập,Likenew,6 Tháng,intel Core i7- 10610U,16GB DDR4,256GB NVMe,onboard,14inch,12980000,18980000,yes,5,https://laptoptv.vn/dell-latitude-9410-2in1-core-i7-10610u-16gb-256gb-man-hinh-14-inch-fhd
44712960,[Like New] Dell Latitude 7420 2in1 [Vỏ carbon] Core i7-1185G7 | 16GB | 512GB| 14 inch FHD,Dell,Laptop,Xoay gập,Likenew,6 Tháng,Intel Core i7-1145G7,16GB DDR4,512GB Nvme,Iris Xe Graphics,14 inch FHD Cảm ứng,12980000,14980000,no,0,https://laptoptv.vn/laptop-cu-dell-latitude-7420-2in1-core-i7-1185g7-ram-16gb-ssd-512gb-man-14-0-inch-fhd
44712958,Laptop cũ Dell Inspiron 5310 Core i5-11320H | 16GB | 512GB | 13.3 inch 2K,Dell,Laptop,Cao cấp,Cũ,6 Tháng,Intel Core i5-11320H,16GB DDR4,512GB NVMe,Iris Xe Graphics,13.3 inch QHD 2K,12980000,15860000,no,0,https://laptoptv.vn/dell-inspiron-5310-core-i5-11320h-16gb-512gb-man-hinh-13-3-inch-2k
44712906,[Like New] Dell Latitude 7410 2in1 [Vỏ nhôm] Core i7-10610U | 16GB | 512GB | 14 inch FHD Cảm ứng,Dell,Laptop,Xoay gập,Likenew,6 Tháng,Intel Core i7-10610U,16GB DDR4,512GB NVMe,Intel Graphics,14 inch FHD Cảm ứng,12980000,19860000,no,0,https://laptoptv.vn/dell-latitude-7410-2in1-ca-m-u-ng-core-i7-10610u-16gb-512gb-xoay-ga-p-360-vo-nhom
44712832,[Like New] Dell XPS 9380 Core i7-8650U | 16GB | 512G | 13.3 inch FHD Cảm ứng,Dell,Laptop,Laptop,Likenew,6 Tháng,Intel Core i7-8650U,16GB DDR4,512GB SSD NVMe PCIe,Intel Graphics,13.3 inch,12980000,16680000,no,0,https://laptoptv.vn/laptop-cu-cao-cap-dell-xps-9380-core-i7-8650u-16gb-512g-man-hinh-13-3-inch-fhd-cam-ung
44712811,Laptop cũ Dell Precision 7540 Core i7-9850H | 16GB | 512GB | T2000 | 15.6 inch FHD,Dell,Laptop,Đồ hoạ,Cũ,6 Tháng,Intel Core i7,16GB,512GB SSD NVMe PCIe,Intel Graphics,15.6 inch FHD,12990000,17490000,no,0,https://laptoptv.vn/laptop-cu-dell-precision-7540-core-i7-9850h-16gb-512gb-t2000-15-6-inch-fhd
44712732,[New100%] Laptop Asus Zenbook Q409 ZA Core i5-1240P | 8GB | 256GB| 14 inch 2K OLED,Asus,Laptop,Cao cấp,Mới,12 Tháng,Intel Core i5-1240P,8GB DDR5,256GB NVMe PCIe,Intel Iris Xe Graphics,14 inch 2K OLED,12990000,16680000,yes,0,https://laptoptv.vn/asus-zenbook-q409-za-core-i5-1240p-8gb-256gb
77679207,[Like new] Dell Latitude 7330 2in1 | Core i5-1245U | 16GB | 256GB | 13.3 inch FHD Cảm ứng,,,?,Likenew,6 Tháng,i5-1245U,16GB,256GB,Iris Xe,13.3 inch FHD Cảm ứng,13280000,15880000,no,0,https://laptoptv.vn/like-new-dell-latitude-7330-2in1-core-i5-1245u-16gb-256gb-13-3-inch-fhd-cam-ung
44713034,[Like New] Dell Latitude 9510 2in1 Core i5-10310U | 16GB | 256GB | 15.6 FHD Cảm ứng,Dell,Laptop,Xoay gập,Likenew,6 Tháng,Intel Core i5-10310U,16GB DDR4,256GB NVMe,Intel Graphics,15.6 inch FHD Cảm ứng,13280000,16860000,no,0,https://laptoptv.vn/dell-latitude-9510-2in1-core-i5-10310u-16gb-256gb-man-hinh-15-6-fhd-cam-ung
86040568,[Like New] Surface Laptop Go 2 Core i5-1135G7 | 16GB | 512GB | 12.4 inch FHD cảm ứng,Surface,Laptop,Laptop,Likenew,6 Tháng,i5-1135G7,16GB,512GB,Iris Xe,12.4 inch FHD+ cảm ứng,13480000,0,no,0,https://laptoptv.vn/like-new-surface-laptop-go-2-core-i5-1135g7-16gb-512gb-12-4-inch-fhd-cam-ung
55055557,[LikeNew] Lenovo Thinkpad X1 Yoga Gen 6 2in1  Core i5-1135G7 | 16GB | 256GB | 14 inch FHD+ ( Kèm bút ),Lenovo,Laptop,Xoay gập,Likenew,6 Tháng,intel Core i5-1135G7,16GB LPDDR4,M.2 NMVe 256GB,Intel Graphics,14 inch FHD+ Cảm ứng,13480000,22680000,yes,2,https://laptoptv.vn/likenew-lenovo-thinkpad-x1-yoga-gen-6-2in1-core-i5-1135g7-16gb-256gb-14-inch-fhd
45813193,[Like New] Dell Inspiron 5418 Core i7-11370H | 16GB | 512GB | MX450 | 14 inch FHD IPS [Màu bạc],Dell,Laptop,Laptop,Likenew,,Intel Core i7-11370H,16GB DDR4,512GB Nvme,NVIDIA MX450,14 inch FHD,13480000,19890000,no,0,https://laptoptv.vn/laptop-cu-dell-inspiron-5418-core-i7-11370h-16gb-512gb-mx450-14-inch-fhd-ips-mau-bac
44712959,Laptop cũ Dell Inspiron 5310 Core i7-11370H | 16GB | 512GB | 13.3 inch QHD,Dell,Laptop,Cao cấp,Cũ,6 Tháng,Intel Core i7-11370H,16GB DDR4,512GB NVMe,Intel Graphics,13.3 inch QHD 2K,13480000,19800000,no,0,https://laptoptv.vn/dell-inspiron-5310-core-i7-11370h-16gb-512gb-man-hinh-13-3-inch-qhd
44712956,[Like New] Dell Latitude 7420 2in1 [Vỏ nhôm] Core i7-1165G7 | 16GB | 256GB | 14 inch FHD Cảm ứng,Dell,Laptop,Xoay gập,Likenew,6 Tháng,Intel Core i7-1165G7,16GB DDR4,256GB NVMe,Intel Graphics,14 inch FHD Cảm ứng,13480000,15480000,no,0,https://laptoptv.vn/laptop-cu-dell-latitude-7420-2in1-cam-ung-core-i7-1165g7-16gb-256gb-xoay-ga-p-360
44712875,Laptop cũ Lenovo Thinkpad X1 Yoga Gen 5 Core i5-10210U | 16GB | 512GB | 14 inch FHD,Lenovo,Laptop,Xoay gập,Cũ,6 Tháng,intel Core i5-10210U,16GB LPDDR4,M.2 NMVe 512GB,Intel Graphics,14 inch FHD,13480000,22180000,no,0,https://laptoptv.vn/laptop-cu-cao-cap-lenovo-thinkpad-x1-yoga-gen-5-core-i5-10210u-16gb-512gb-cam-ung-xoay-gap-360
44712712,Laptop Gaming cũ Acer Nitro 5 AN515-55 Core i5-10300H | 16GB | 512GB | GTX 1650 | 15.6 inch FHD,Acer,Laptop,Gaming,Cũ,6 Tháng,Intel Core i5-10300H,16GB DDR4,512GB NVMe PCIe,NVIDIA GTX 1650TI,15.6 inch FHD,13480000,16560000,no,0,https://laptoptv.vn/laptop-gaming-cu-acer-nitro-5-an515-55-core-i5-10300h-16gb-512gb-gtx-1660ti-15-6-inch-fhd
44712929,[Like New] Dell Inspiron 5620 Core i5-1240P | 16GB | 512GB | 16 inch FHD+,Dell,Laptop,Văn phòng,Likenew,6 Tháng,Intel Core i5-1240P,16GB DDR4,512GB NVMe,Iris Xe Graphics,16 inch FHD+,13490000,16990000,no,0,https://laptoptv.vn/new-100-laptop-dell-inspiron-5620-core-i5-1240p-16gb-512gb-man-hinh-16-inch-fhd
44712859,Laptop cũ Lenovo Thinkpad X1 Carbon Gen 9 Core i5-1135G7 | 16GB | 256GB | 14 inch FHD+,Lenovo,Laptop,Cao cấp,Cũ,6 Tháng,Intel Core i5 1135G7,16GB LPDDR4X,256GB Nvme,Intel Iris Xe Graphics,14 inch FHD+ 100% sRGB 400nit,13490000,17980000,no,0,https://laptoptv.vn/laptop-cu-cao-cap-lenovo-thinkpad-x1-carbon-gen-9-core-i5-1135g7-16gb-256gb-fhd
44712847,Laptop cũ Lenovo Thinkpad X1 Carbon Gen 8 Core i7-10610U | 16GB | 512GB | 14 inch 2K,Lenovo,Laptop,Cao cấp,Cũ,6 Tháng,intel Core i7-10610U,16GB DDR4,M.2 NMVe 512GB,Intel Graphics,14 inch,13590000,16888888,no,0,https://laptoptv.vn/laptop-cu-cao-cap-lenovo-thinkpad-x1-carbon-gen-8-core-i7-10610u-16gb-512gb-2k
85376794,[Like new] Dell Latitude 13 7340 Core™ i5- 1335U | 16GB | 512GB | 13 inch FHD+,Dell,Laptop,Laptop,Likenew,6 Tháng,i5-1335U,16GB,512GB,Iris Xe,13 inch FHD+,13680000,16800000,no,0,https://laptoptv.vn/like-new-dell-latitude-13-7340-core-i5-1335u-16gb-512gb-13-inch-fhd
72904224,Laptop Gaming cũ Acer Nitro 5 AN515-55 Core i5-10300H | 16GB | 512GB | GTX 1650TI | 15.6 inch FHD,Acer,Laptop,Gaming,Cũ,6 Tháng,Intel Core i5-10300H,16GB DDR4,512GB NVMe PCIe,NVIDIA GTX 1650TI,15.6 inch FHD,13680000,17160000,no,0,https://laptoptv.vn/laptop-gaming-cu-acer-nitro-5-an515-55-core-i5-10300h-16gb-512gb-gtx-1650ti-15-6-inch-fhd
58871527,[Like New] Dell Inspiron 5406 2in1 Core i7-1165G7 | 16GB | 512GB | 14 inch FHD  Cảm ứng,Dell,Laptop,Xoay gập,Likenew,6 Tháng,intel Core i7- 1165G7,16GB DDR4,256GB NVMe PCIe,Intel Graphics,14 inch FHD+ Cảm ứng,13680000,18690000,no,0,https://laptoptv.vn/like-new-dell-inspiron-5406-2in1-core-i7-1165g7-16gb-512gb-14-inch-fhd-cam-ung
55213984,[Like New] Dell Latitude 9410 2in1 Core i7-10610U |  16GB | 512GB | 14 inch FHD,Dell,Laptop,Xoay gập,Likenew,6 Tháng,intel Core i7- 10610U,16GB DDR4,512GB Nvme,onboard,14inch,13680000,16280000,yes,8,https://laptoptv.vn/laptop-cu-dell-latitude-9410-2in1-core-i7-10610u-16gb-512gb-14-inch-fhd
44712837,[Like New] Dell XPS 9380 Core i7-8650U | 16GB | 256GB | 13.3 inch 4K cảm ứng,Dell,Laptop,Laptop,Likenew,6 Tháng,Intel Core i7-8650U,16GB DDR4,256GB SSD NVMe PCIe,Intel Graphics,"13.3"" FHD (1920x1080)",13680000,16890000,no,0,https://laptoptv.vn/laptop-cu-cao-cap-dell-xps-9380-core-i7-8650u-16gb-256gb-man-hinh-13-3-inch-4k-cam-ung
44712743,Laptop cũ Dell Vostro 14 5410 Core i5-11300H | 16GB | 512GB | MX250M | 14 inch FHD,Dell,Laptop,Cao cấp,Cũ,6 Tháng,AMD Ryzen™ 5 8640HS,8 GB LPDDR5-6400MHz,512 GB M.2 2242 PCIe Gen4 TLC,Intel Graphics,14″ WUXGA (1920 x 1200),13680000,25990000,no,0,https://laptoptv.vn/dell-vostro-14-5410-core-i5-11300h-ram-16gb-ssd-512gb-14-inch-fhd
55827829,Laptop cũ HP Elitebook X360 1040 G7 Core i7-10610U| 16GB | 512GB | 14 inch FHD Cảm ứng,HP,Laptop,Xoay gập,Cũ,6 Tháng,Intel Core i7,16GB,512GB,Intel Graphics,14 inch,13690000,18890000,no,0,https://laptoptv.vn/laptop-cu-hp-elitebook-x360-1040-g7-core-i7-10610u-16gb-512gb-14-inch-fhd-cam-ung
54410361,[New 100%] Laptop Asus Vivobook X1404VA i5-1334U  | 12GB | 256GB | 14 Inch FHD | Quiet Blue,Asus,Laptop,Cao cấp,Mới,12 Tháng,Core Ultra 5-125H,12GB DDR4,256GB NVMe PCIe,Intel Iris Xe Grahics,14 inch OLED Cảm ứng,13690000,19990000,no,0,https://laptoptv.vn/new-100-laptop-asus-vivobook-x1404va-i5-1334u-12gb-256gb-14-inch-fhd-quiet-blue
66454722,[Like New] Dell Precision 5540 Core i7- 9850H | 16GB | 512GB | T1000 | 15.6 inch FHD,Dell,Laptop,Đồ hoạ,Likenew,6 Tháng,Intel Core i7-9850H,16GB DDR4,512GB NVMe,Quardo T1000,15.6 inch FHD,13780000,20180000,no,0,https://laptoptv.vn/like-new-dell-precision-5540-core-i7-9850h-16gb-512gb-t1000-15-6-inch-fhd-1
44712984,Laptop cũ Dell Precision 5530 Core i7-8850H | 16GB | 512GB | P1000 | 15.6 inch 4K Cảm ứng,Dell,Laptop,Đồ hoạ,Cũ,6 Tháng,Intel Core i7,16GB,512GB,Intel Graphics,15 inch,13780000,17680000,no,0,https://laptoptv.vn/laptop-cu-do-hoa-dell-precision-5530-core-i7-8850h-16gb-512gb-p1000-man-hinh-15-6-inch-fhd-4k
44712977,Laptop cũ Dell Precision 5530 Core i7-8850H | 16GB | 512GB | P2000 | 15.6 inch FHD,Dell,Laptop,Đồ hoạ,Cũ,6 Tháng,Intel Core i7-8850H,16GB DDR4,512GB NVMe,Intel Graphics,15.6 inch FHD,13780000,17980000,no,0,https://laptoptv.vn/laptop-cu-do-hoa-dell-precision-5530-core-i7-8850h-ram-16gb-ssd-512gb-p2000-man-hinh-15-6-inch-fhd
55154886,[Like new] Dell inspiron 13 - 7391 2in1 Core i7-10510U | 16GB | 256GB |13.3 inch 4K Cảm ứng,Dell,Laptop,Laptop,Likenew,6 Tháng,Intel Core i7-10510U,,256GB NVMe PCIe,Intel Graphics,13.3 inch 4K Cảm ứng,13880000,18980000,yes,6,https://laptoptv.vn/laptop-cu-dell-inspiron-13-7391-2in1-core-i7-10510u-16gb-256-13-3-inch-4k-cam-ung
44712813,Laptop cũ  Dell XPS 9365 2in1 Core i7-8500Y | 16GB | 256GB | 13.3 inch  Cảm ứng,Dell,Laptop,Xoay gập,Cũ,6 Tháng,Intel Core i7,16GB DDR4,M.2 NMVe 256GB,Intel Graphics,13.3 inch FHD,13880000,16980000,no,0,https://laptoptv.vn/laptop-cu-cao-cap-dell-xps-9365-2in1-cam-ung-core-i7-8500y-16gb-256gb-man-hinh-13-3-inch-xoay-ga-p-360
44712756,Laptop cũ Dell Vostro 5310 Core i5-11320H | 16GB | 512GB | 13.3 inch 2K,Dell,Laptop,Văn phòng,Cũ,6 Tháng,Intel Core i5,16GB,512GB,Intel Graphics,13.3 inch,13880000,16990000,no,0,https://laptoptv.vn/laptop-cu-cao-cap-dell-vostro-5310-core-i5-11320h-16gb-ssd512gb-man-hinh-13-3-inch-2k
44712715,[Like New] Dell Inspiron 7400 Core i5-1135G7 | 16GB | 512GB | MX350 2GB | 14.5 inch QHD,Dell,Laptop,Cao cấp,Likenew,6 Tháng,Intel Core i5,16 GBLPDDR4X (Onboard),512GB Nvme,Intel Graphics,14.5 inch QHD,13880000,20890000,no,0,https://laptoptv.vn/dell-inspiron-7400-core-i5-1135g7-16gb-512gb-mx350-2gb-qhd
44712669,[Like New] Dell Latitude 9520 2in1 Core i5-1145G7 | 16GB | 256GB | 15.6 inch FHD Cảm ứng,Dell,Laptop,Xoay gập,Likenew,6 Tháng,Intel Core i5-1145G7,16GB onboard,256GB Nvme,Intel Iris Xe Graphics,15 inch FHD Cảm ứng,13890000,15890000,yes,4,https://laptoptv.vn/like-new-dell-latitude-9520-2in1-core-i5-1145g7-16gb-256gb-15-6-inch-fhd-cam-ung
76645603,Dell Latitude 7320 2in1 Core i7 1185G7 | 16GB | 512GB | 13.3 inch FHD cảm ứng,Dell,Laptop,Cao cấp,Cũ,6 Tháng,,,,,,13980000,15490000,no,0,https://laptoptv.vn/dell-latitude-7320-2in1-core-i7-1185g7-16gb-512gb-13-3-inch-fhd-cam-ung
65908241,[PC] HP Pro Tower 280 G9 PCI ( B91LWAT) | Core i5-13500 | 8GB | 512GB | Intel UHD Graphics 770,HP PC,PC,PC,?,12 Tháng,Intel Core i5-12500,8GB DDR4,512GB SSD NVMe,Intel UHD Graphics 770,,13980000,0,no,0,https://laptoptv.vn/pc-hp-pro-tower-280-g9-pci-b91lwat-core-i5-13500-8gb-512gb-intel-uhd-graphics-770
59035428,[Like New] Dell Latitude 9510 Core i7-10810U | 16GB | 512GB | 15.6 FHD,Dell,Laptop,Laptop,Likenew,6 Tháng,Intel Core i7-10810U,16GB DDR4,512GB NVMe PCIe,Intel Graphics,15.6 inch FHD,13980000,24680000,no,0,https://laptoptv.vn/like-new-dell-latitude-9510-core-i7-10810u-16gb-512gb-15-6-fhd
55213837,[Like New] Dell Latitude 7420 2in1 [Vỏ nhôm] Core i7-1165G7 | 16GB | 512GB | 14 inch FHD Cảm ứng,Dell,Laptop,Xoay gập,Likenew,6 Tháng,Intel Core i7-1165G7,16GB DDR4,512GB Nvme,Intel Graphics,14 inch FHD Cảm ứng,13980000,16480000,no,0,https://laptoptv.vn/laptop-cu-dell-latitude-7420-2in1-vo-nhom-core-i7-1165g7-16gb-512gb-14-inch-fhd-cam-ung
44712941,[Like New] Dell Inspiron 5420 Core i5-1240P | 16GB | 512GB | 14 inch FHD,Dell,Laptop,Cao cấp,Likenew,6 Tháng,Intel Core i5-1240P,16GB DDR4,512GB NVMe,Intel Graphics,14 inch,13980000,16980000,no,0,https://laptoptv.vn/laptop-cu-cao-cap-dell-inspiron-5420-core-i5-1240p-16gb-512gb-man-hinh-14-inch-fhd-2k
44712770,Laptop cũ Dell XPS 7390 Core i7-10710U | 16GB | 256GB | 13.3 inch FHD,Dell,Laptop,Laptop,Cũ,6 Tháng,Intel Core i7,16GB,256GB,Intel Graphics,13.3 inch,13980000,17990000,no,0,https://laptoptv.vn/laptop-cu-cao-cap-dell-xps-7390-core-i7-10710u-16gb-256gb-man-hinh-13-3-inch-fhd-4k
44712964,Laptop cũ Dell Gaming G3 3500 Core i5-10200H | 8GB | 256GB | GTX1650 | 15.6 inch FHD,Dell,Laptop,Gaming,Cũ,6 Tháng,Intel Core i5-10210H,8GB DDR4,512GB NVMe,GTX 1650,15.6 inch FHD,13990000,16800000,no,0,https://laptoptv.vn/laptop-cu-dell-gaming-g3-3500-core-i5-10200h-8gb-256gb-gtx1650-man-hinh-15-6-inch-fhd
65859124,[PC] HP Pro Tower 280 G9 (AM3N9AT) | Core i5 - 12500 | 8GB | 512GB | Intel UHD Graphics 770,HP PC,PC,PC,?,12 Tháng,Intel Core i5-12500,8GB DDR4,512GB SSD NVMe,Intel UHD Graphics 770,,14080000,0,no,0,https://laptoptv.vn/pc-hp-pro-tower-280-g9-am3n9at-core-i5-12500-8gb-512gb-intel-uhd-graphics-770
44712733,Laptop cũ Asus Zenbook Q408UG Ryzen 5-5500U | 8GB | 256GB | MX450 | 14 inch FHD,Asus,Laptop,Cao cấp,Cũ,6 Tháng,Ryzen 5-5500U,8GB DDR4,256GB NVMe PCIe,NVIDIA MX450,14 inch FHD,14090000,16680000,no,0,https://laptoptv.vn/asus-zenbook-q408ug-ryzen-5-5500u-8gb-256gb-mx450
44712753,Laptop cũ Dell Vostro 5310 Core i5-11320H | 16GB | 512GB | MX450 | 13.3 inch 2K,Dell,Laptop,Văn phòng,Cũ,6 Tháng,Intel Core i5-11320H,16GB DDR4,512GB,Intel Graphics,13.3 inch QHD 2K,14180000,17990000,no,0,https://laptoptv.vn/laptop-cu-cao-cap-dell-vostro-5310-core-i5-11320h-16gb-512gb-mx-450-man-hinh-13-3-inch-2k
44712709,[New 100%] Dell Inspiron 5625 Ryzen 5-5625U | 16GB | 512GB | 16.0 inch FHD,Dell,Laptop,Văn phòng,Mới,12 Tháng,Ryzen 5-5625U,16G DDR4,512GB Nvme,AMD Radeon™ Graphics,16 inch FHD+,14190000,17260000,no,0,https://laptoptv.vn/dell-inspiron-5625-ryzen-5-5625u-16gb-512gb-16-0-inch-fhd
44712692,Laptop cũ Dell Precision 7710 Core i7-6920HQ | 8GB | 256GB | M2000 | 17 inch FHD,Dell,Laptop,Đồ hoạ,Cũ,6 Tháng,Intel Core i7-6920HQ,8GB DDR4,256GB NVMe PCIe,NVIDIA Quadro M2000M,17 inch FHD,14190000,23980000,no,0,https://laptoptv.vn/dell-precision-7710-core-i7-6920hq-16gb-256gb-m4000m
53072547,[Like New] Dell Latitude 7430 Core i7-1265U | 32GB | 512GB | 14 inch,Dell,Laptop,Laptop,Likenew,6 Tháng,Intel Core i7-1265U,32GB DDDR4,512GB NVMe,Intel Graphics,14 inch FHD,14280000,25690000,no,0,https://laptoptv.vn/laptop-cu-dell-latitude-7430-core-i7-1265u-32gb-512gb-14-inch
44713036,[Like New] Dell Latitude 9510 2in1 Core i7-10810U | 16GB | 256GB | 15.6 FHD Cảm ứng,Dell,Laptop,Xoay gập,Likenew,6 Tháng,Intel Core i7-10810U,16GB DDR4,256GB NVMe,Intel Graphics,15.6 inch FHD Cảm ứng,14280000,16980000,no,0,https://laptoptv.vn/dell-latitude-9510-2in1-core-i7-10810u-16gb-256gb-man-hinh-15-6-fhd-cam-ung
44712717,[New 100%]Laptop Dell Inspiron 7425 2in1 Ryzen 5- 5625U | 8GB | 512GB | 14 inch FHD+ Cảm ứng,Dell,Laptop,Xoay gập,Mới,12 Tháng,Ryzen 5 5625U,8GB DDR4,256GB NVMe PCIe,onboard,14 inch FHD+ Cảm ứng,14280000,18990000,no,0,https://laptoptv.vn/dell-inspiron-7425-2in1-cam-ung-ryzen-5-5625u-8gb-512gb-xoay-ga-p-360
44712846,Laptop cũ Lenovo Thinkpad X1 Carbon Gen 8 Core i7-10610U | 16GB | 512GB | 14 inch 4K,Lenovo,Laptop,Cao cấp,Cũ,6 Tháng,intel Core i7-10610U,16GB DDR4,M.2 NMVe 512GB,Intel Graphics,14 inch,14290000,17880000,no,0,https://laptoptv.vn/laptop-cu-cao-cap-lenovo-thinkpad-x1-carbon-gen-8-core-i7-10610u-16gb-512gb-4k
44712649,[New 100%] HP Envy 14 2in1 2023 Core i5-1335U | 8GB | 512GB | 14 inch FHD Touch,HP,Laptop,Xoay gập,Mới,12 Tháng,Intel Core i5-1335U,8GB DDR5 4800Mhz,SSD M.2 NMVe 512GB,Iris Xe Graphics,"14"" FHD Cảm ứng",14290000,18690000,no,0,https://laptoptv.vn/hp-envy-14-2in1-2023-cam-ung-core-i5-1335u-8gb-512gb-xoay-ga-p-360
44712707,Laptop cũ Dell Inspiron 5502 Core I7-1165G7 | 16GB | 512GB | 15.6 inch FHD,Dell,Laptop,Văn phòng,Cũ,6 Tháng,Intel Core I7-1165G7,16GB DDR4 3200Mhz,M.2 NMVe 512GB,Iris Xe Graphics,"15.6"" FHD",14390000,17690000,no,0,https://laptoptv.vn/dell-inspiron-5502-core-i7-1165g7-16gb-512gb
90317286,[Like New] Dell Latitude 7410 2in1 [Vỏ nhôm] Core i7-10610U | 32GB | 512GB | 14 inch FHD Cảm ứng,Dell,Laptop,Xoay gập,Likenew,6 Tháng,Intel Core i7-10610U,32GB DDR4,512GB NVMe,Intel Graphics,14 inch FHD Cảm ứng,14480000,19860000,no,0,https://laptoptv.vn/like-new-dell-latitude-7410-2in1-vo-nhom-core-i7-10610u-16gb-512gb-14-inch-fhd-cam-ung
56106165,[Like New] Dell Latitude 9420 [Vỏ nhôm] Core i7-1185G7 | 16GB | 256GB | 14.0 inch FHD,Dell,Laptop,Xoay gập,Likenew,6 Tháng,Intel Core i7-1185G7,16GB DDR4,256GB Nvme,,14inch FHD,14480000,22380000,no,0,https://laptoptv.vn/laptop-cu-dell-latitude-9420-vo-nhom-core-i7-1185g7-16gb-256gb-14-0-inch-fhd
54754098,[Like new] Dell inspiron 13 - 7391 2in1 Core i7-10510U | 16GB | 512GB |13.3 inch 4K Cảm ứng (Tặng kèm bút),Dell,Laptop,Laptop,Likenew,6 Tháng,Intel Core i7-10510U,,256GB NVMe PCIe,Intel Graphics,13.3 inch 4K Cảm ứng,14480000,18980000,no,0,https://laptoptv.vn/laptop-cu-dell-inspiron-13-7391-2in1-core-i7-10510u-16gb-256gb-4k-cam-ung
47442596,[Like New] Dell Latitude 7420 2in1 [Vỏ Carbon] Core i7-1185G7 | 32GB | 512GB | 14 inch FHD Cảm ứng,Dell,Laptop,Xoay gập,Likenew,6 Tháng,Intel Core i7-1185G7,32GB DDR4,256GB NVMe,Intel Graphics,14 inch FHD Cảm ứng,14480000,15480000,no,0,https://laptoptv.vn/laptop-cu-dell-latitude-7420-2in1-vo-carbon-core-i7-1185g7-32gb-512gb-14-inch-fhd-cam-ung
44713039,[Like New] Dell Latitude 9420 2in1 Core i5-1145G7 | 16GB | 256GB | 14 inch 2K,Dell,Laptop,Xoay gập,Likenew,6 Tháng,intel Core i5-1145G7,16GB DDR4,256GB NVMe,Intel Graphics,14 inch,14480000,19800000,yes,13,https://laptoptv.vn/dell-latitude-9420-2in1-core-i5-1145g7-16gb-256gb-man-hinh-14-inch-2k
44712914,Laptop cũ Lenovo Ideapad Gaming 3 Ryzen 5-5600H | 8GB | 256GB | GTX 1650 | 15.6 inch FHD 120Hz,Lenovo,Laptop,Gaming,Cũ,6 Tháng,AMD Ryzen 5-5600H,8GB DDR4,512GB NVMe,NVIDIA GTX 1650,15.6 inch 120Hz,14490000,17899000,no,0,https://laptoptv.vn/lenovo-ideapad-gaming-3-ryzen-5-5600h-8gb-256gb-gtx1650-15-6-inch-fhd
44712682,Laptop cũ Dell Gaming G5 5500 Core i7-10750H | 16GB | 512GB | 1650TI | 15.6 inch FHD 165Hz,Dell,Laptop,Gaming,Cũ,6 Tháng,Intel Core i7-10750H,16GB DDR4,512GB M.2 PCIe NVMe,NVIDIA GTX 1650Ti 4GB,15.6 inch FHD 165Hz,14490000,20690000,no,0,https://laptoptv.vn/dell-gaming-g5-5500-core-i7-10750h-16gb-512gb-gtx-1650ti-15-6-inch-fhd
44712654,[New 100%] Laptop HP ENVY 15 2023 x360  Ryzen 5-7530U | 8GB  | 256GB  | 15.6inch FHD Cảm ứng,HP,Laptop,Xoay gập,Mới,12 Tháng,Ryzen 5-7530U,8GB DDR5,256GB NVMe PCIe,onboard,15.6 inch FHD Cảm ứng,14490000,18680000,no,0,https://laptoptv.vn/hp-envy-15-2023-x360-cam-ung-ryzen-5-7530u-8gb-256gb
44712693,Laptop cũ Dell Precision 7750 Core i5-10400H | 16GB | 512GB | Quadro T1000 | 15.6 inch FHD,Dell,Laptop,Đồ hoạ,Cũ,6 Tháng,Intel Core i5 10400H,16GB DDR4,512GB NVMe PCIe,NVIDIA Quadro T1000,17 inch FHD,14680000,31990000,no,0,https://laptoptv.vn/dell-precision-7750-core-i5-10400h-16gb-512gb-t1000
44712683,Laptop cũ Gaming MSI GF63 Thin 10SCXR Core i5-10500H | 8GB | 256GB | GTX 1650 4GB | 15.6 inch FHD,MSI,Laptop,Gaming,Cũ,6 Tháng,Intel Core i5-10500H,8GB DDR4,SSD 256GB NVMe,Nvidia GeForce GTX 1650 4GB,15.6 inch FHD,14690000,15400000,no,0,https://laptoptv.vn/msi-gf63-thin-10scxr-core-i5-10500h-8gb-256gb-gtx1650
59665984,[Like New] Dell Precision 3561 Core i7- 11800| 16GB | 512GB | Quardo T1200 | 15.6 inch FHD,Dell,Laptop,Đồ hoạ,Likenew,6 Tháng,Intel Core i7-11800H,16GB,,NVDIA Quardo T1200,15 inch,14700000,26890000,no,0,https://laptoptv.vn/like-new-dell-precision-3561-core-i7-11800-16gb-512gb-quardo-t1200-15-6-inch-fhd-1
44712867,Laptop cũ Lenovo Thinkpad X1 Yoga Gen 5 Core i7-10510U | 16GB | 512GB | 14 inch 2K Cảm ứng,Lenovo,Laptop,Xoay gập,Cũ,6 Tháng,intel Core i7-10510U,16GB DDR4,M.2 NMVe 512GB,Intel Graphics,14inch 2K,14780000,19580000,no,0,https://laptoptv.vn/laptop-cu-cao-cap-lenovo-thinkpad-x1-yoga-gen-5-core-i7-10510u-16gb-512gb-2k-cam-ung-xoay-gap-360
44713050,[Like New] Dell Precision 5540 Xeon E-2276M | 16GB | 512GB | T1000 | 15.6 inch 4K OLED,Dell,Laptop,Đồ hoạ,Likenew,6 Tháng,Intel Core i7-9850H,16GB DDR4,512GB NVMe,Quardo T1000,15.6 inch,14790000,20180000,no,0,https://laptoptv.vn/like-new-dell-precision-5540-xeon-e-2276m-16gb-512gb-t1000-15-6-inch-4k-oled
44713038,[Like New] Dell Precision 5540 Core i7-9850H | 16GB | 512GB | T2000 | 15.6inch FHD,Dell,Laptop,Đồ hoạ,Likenew,6 Tháng,Intel Core i7 9850H,16GB DDR4,512GB NVMe,Intel Graphics,15.6 inch FHD,14790000,20180000,no,0,https://laptoptv.vn/laptop-cu-do-hoa-dell-precision-5540-core-i7-9850h-16gb-512gb-t2000
44712786,[Likenew] Laptop Dell XPS 9315 Core i5-1230U | 8GB | 256GB | 13.3 inch FHD +,Dell,Laptop,Cao cấp,Likenew,6 Tháng,Intel Core i5,8GB,256GB,Intel Graphics,13.3 inch,14790000,26980000,no,0,https://laptoptv.vn/likenew-laptop-dell-xps-9315-core-i5-1230u-8gb-256gb-13-3-inch-fhd
55789099,[Like New] Surface Laptop 4 i7- 1185G7 | 16GB | 512GB  | 13.5 inch 2K Cảm ứng,Samsung,Laptop,Xoay gập,Likenew,6 Tháng,Intel Core i7-1185G7,,512GB Nvme,onboard,13.5 inch 2K Cảm ứng,14880000,29890000,yes,4,https://laptoptv.vn/new100-surface-laptop-4-i7-1185g7-16gb-512gb-13-5-inch-2k-cam-ung
44712933,Laptop cũ Dell Inspiron 5510 Core i7-11390H | 16GB | 512GB | 15.6 inch FHD,Dell,Laptop,Văn phòng,Cũ,6 Tháng,Intel Core i7-11390H,16GB DDR4,512GB Nvme,Intel Graphics,15.6 inch,14880000,17980000,no,0,https://laptoptv.vn/laptop-cu-cao-cap-dell-inspiron-5510-core-i7-11390h-16gb-512gb-man-hinh-15-6-inch-fhd
44712751,Laptop cũ Dell Vostro 5310 Core i7-11390H | 16GB | 512GB | 13.3 inch 2K,Dell,Laptop,Văn phòng,Cũ,6 Tháng,Intel Core i7-11390H,16GB DDR4,512GB Nvme,Intel Graphics,13.3 inch,14880000,17990000,no,0,https://laptoptv.vn/laptop-cu-cao-cap-dell-vostro-5310-core-i7-11390h-16gb-512gb-man-hinh-13-3-inch-2k
44712750,[New 100%] Laptop Asus Zenbook 14 Q410 Core i5-13500H | 8GB | 512GB | 14.5 inch 2.8K OLED Cảm ứng,Asus,Laptop,Cao cấp,Mới,12 Tháng,Intel Core i5,8GB,512GB,Intel Graphics,,14880000,29680000,no,0,https://laptoptv.vn/asus-zenbook-14-q410-i5-13500h-8gb-512gb-14-5-inch-2-8k-oled-cam-ung
44712697,[New100%] Dell Inspiron 3530 Core i5-1335U | 8GB | 512GB | 15.6 inch FHD đen,Dell,Laptop,Cao cấp,Mới,12 Tháng,Intel Core i5-1335U,8GB DDR5 4800Mhz,SSD M.2 NMVe 512GB,Iris Xe Graphics,15.6 FHD,14890000,15980000,yes,0,https://laptoptv.vn/new100-dell-inspiron-3530-core-i5-1335u-8gb-512gb-man-hinh-15-6-inch-fhd
44712661,Laptop cũ Dell Latitude 7310 2in1 Core i7-10610U | 16GB | 512GB | 13.3 inch FHD Cảm ứng,Dell,Laptop,Xoay gập,Cũ,6 Tháng,Intel Core i7-10610U,16G DDR4- 3200MHz,512GB Nvme,Intel Graphics,13.3 inch FHD,14890000,15890000,no,0,https://laptoptv.vn/dell-latitude-7310-2in1-core-i7-10610u-16gb-512gb-13-3inch-fhd-cam-ung
76463325,Laptop cũ Dell Precision 5530 XEON E3-2176M | 16GB | 512GB | P2000 | 15.6 inch FHD,Dell,Laptop,Đồ hoạ,Cũ,6 Tháng,Intel Core i7,16GB DDR4,512GB NVMe,Intel Graphics,15.6 inch FHD,14980000,22880000,no,0,https://laptoptv.vn/laptop-cu-dell-precision-5530-xeon-e3-2176m-16gb-512gb-p2000-15-6-inch-fhd
55075530,Laptop cũ Asus TUF A15 FA506QM Ryzen 7-4800H | 16GB | 512G | RTX 2060 | 15.6 inch FHD 144Hz,Asus,Laptop,Gaming,Cũ,6 Tháng,AMD Ryzen 7- 4800H,16GB DDR4,512GB NVMe,RTX 2060,15.6 inch 144Hz,14980000,20590000,no,0,https://laptoptv.vn/laptop-cu-asus-tuf-a15-fa506qm-ryzen-7-4800h-16gb-512g-rtx-3050ti-15-6-inch-fhd-144hz
44712943,[Like New] Dell Inspiron 5420 Core i5-1240P | 16GB | 512GB | 14 inch 2K,Dell,Laptop,Cao cấp,Likenew,6 Tháng,,16GB DDR4,512GB NVMe,Intel Graphics,14 inch 2K,14980000,18980000,no,0,https://laptoptv.vn/laptop-cu-cao-cap-dell-inspiron-5420-core-i5-1240p-16gb-512gb-man-hinh-14-inch-2k
45407790,[New100%] Laptop HP Envy 14  x360 2in1 2024 Core 5-120U | 8GB | 512GB | 14 inch FHD Cảm ứng,HP,Laptop,Xoay gập,Mới,12 Tháng,intel Core 5 120U,8GB DDR5,M.2 NMVe 512GB,Intel Graphics,14inch FHD+,14990000,19480000,no,0,https://laptoptv.vn/new100-laptop-hp-envy-x360-2in1-2024-14-core-5-120u-8gb-512gb-iris-xe-graphics-14-inch-fhd-cam-ung
44712962,Laptop cũ Dell Gaming G3 3500 Core i7-10750H | 8GB | 512GB | GTX1650 | 15.6 inch FHD,Dell,Laptop,Gaming,Cũ,6 Tháng,Intel Core i7-10750H,8GB DDR4,512GB NVMe,GTX 1650,15.6 inch FHD,14990000,17260000,no,0,https://laptoptv.vn/laptop-cu-dell-gaming-g3-3500-core-i7-10750h-8gb-512gb-gtx1650
81688223,Laptop cũ Dell Precision 7550 Core™ i7-10850H | 16GB | 512GB | T1000 | 15.6 inch FHD,Dell,Laptop,Đồ hoạ,Cũ,6 Tháng,Intel Core i7-10750H,16GB DDR4 3200Mhz,512GB NVMe PCIe,NVIDIA T1000,15.6 inch FHD,15180000,27500000,yes,4,https://laptoptv.vn/laptop-cu-dell-precision-7550-core-i7-10850h-16gb-512gb-t1000-15-6-inch-fhd
46555751,[New100%]HP Envy X360 2in1 14-es0013dx  x360 2in1 2024 Core 5-150U | 8GB | 512GB | 14 inch FHD Cảm ứng,HP,Laptop,Xoay gập,Mới,12 Tháng,intel Core 5 120U,8GB DDR5,M.2 NMVe 512GB,Intel Graphics,14 inch FHD Touch,15190000,19880000,no,0,https://laptoptv.vn/new100-laptop-hp-envy-x360-2in1-2024-14-core-5-120u-8gb-512gb-iris-xe-graphics-14-inch-fhd-cam-ung-1
44712731,Laptop cũ HP Pavilion x360 Core i5-1235U | 8GB | 256GB | 14 inch FHD Cảm ứng,HP,Laptop,Xoay gập,Cũ,6 Tháng,Intel Core i5-1235U,8GB DDR4,256GB NVMe PCIe,Intel Iris Xe Graphics,14 inch FHD Cảm ứng,15190000,16880000,no,0,https://laptoptv.vn/laptop-cu-hp-pavilion-x360-core-i5-1235u-8gb-256gb-14-inch-fhd-cam-ung
85855413,[Like New] Dell Latitude 9510 2in1 Core i7-10810U | 16GB | 512GB | 15.6 FHD Cảm ứng,Dell,Laptop,Xoay gập,Likenew,6 Tháng,Intel Core i7-10810U,16GB DDR4,512 GB NVMe,Intel Graphics,15.6 inch FHD Cảm ứng,15280000,17980000,no,0,https://laptoptv.vn/like-new-dell-latitude-9510-2in1-core-i7-10810u-16gb-512gb-15-6-fhd-cam-ung
44712768,[New100%] Dell Inspiron 7435 2in1 Ryzen 5-7530U | 8GB | 512GB | 14 inch FHD Cảm ứng,Dell,Laptop,Xoay gập,Mới,6 Tháng,AMD Ryzen 5,8GB,512GB,onboard,14 inch,15280000,18280000,no,0,https://laptoptv.vn/new100-dell-inspiron-7435-2in1-ryzen-5-7530u-8gb-512gb-14-inch-fhd-cam-ung
44712702,Laptop cũ Dell Inspiron 5405 Ryzen 5-4500U | 16GB | 512GB | 14 inch FHD,Dell,Laptop,Văn phòng,Cũ,6 Tháng,Ryzen 5 4500U,16GB DDR4,512GB M.2 PCIe NVMe,AMD Radeon Graphics,14 inch,15290000,16890000,no,0,https://laptoptv.vn/dell-inspiron-5405-ryzen-5-4500u-16gb-512gb
67418855,[PC] Dell Tower ECT1250 | Intel Core i5-14400 | RAM 8GB DDR5 | 512GB SSD | Intel UHD Graphics 770,Dell PC,PC,PC,?,24 tháng,Intel Core i5-14400,8GB DDR5,512GB SSD,,,15390000,0,no,0,https://laptoptv.vn/pc-dell-tower-ect1250-intel-core-i5-14400-ram-8gb-ddr5-512gb-ssd-intel-uhd-graphics-770
73843777,Dell Latitude 7320 2in1 Core i7 1185G7 | 32GB | 512GB | 13.3 inch FHD cảm ứng,Dell,Laptop,Cao cấp,Cũ,6 Tháng,,,,,,15480000,16490000,no,0,https://laptoptv.vn/dell-latitude-7320-2in1-core-i7-1185g7-32gb-512gb-13-3-inch-fhd-cam-ung
57391810,[Like New] Dell Latitude 9420 [Vỏ nhôm] Core i7-1185G7 | 16GB | 512GB | 14.0 inch FHD,Dell,Laptop,Xoay gập,Likenew,6 Tháng,Intel Core i7-1185G7,16GB DDR4,512 GB NVMe,,14inch FHD,15480000,23380000,no,0,https://laptoptv.vn/like-new-dell-latitude-9420-vo-nhom-core-i7-1185g7-16gb-512gb-14-0-inch-fhd
56608013,[Like New]Dell Latitude 9520 2in1 Core i7-1185G7 | 16GB | 256GB | 15.6 inch FHD Cảm ứng,Dell,Laptop,Xoay gập,Likenew,6 Tháng,Intel Core i7-1185G7,16GB onboard,512GB NVMe PCIe,Intel Iris Xe Graphics,15 inch FHD Cảm ứng,15480000,18890000,no,0,https://laptoptv.vn/like-new-dell-latitude-9520-2in1-core-i7-1185g7-16gb-256gb-15-6-inch-fhd-cam-ung
56122171,[Like new] Dell Latitude 7430 2in1 Core i7-1265U | 16GB | 512GB 14 inch FHD Cảm ứng,Dell,Laptop,Xoay gập,Likenew,6 Tháng,Intel Core i5-1355U,8GB DDR4,512GB NVMe,Intel Graphics,14 inch FHD Cảm ứng,15480000,19880000,no,0,https://laptoptv.vn/like-new-dell-latitude-7430-2in1-core-i7-1265u-16gb-512gb-14-inch-fhd-cam-ung
52414940,[Like New] Dell Latitude 7420 2in1 [Vỏ nhôm] Core i7-1165G7 | 32GB | 512GB | 14 inch FHD Cảm ứng,Dell,Laptop,Laptop,Likenew,,Core i7-1165G7,32GB,512GB Nvme,Intel Iris Xe Graphics,14 inch Cảm ứng,15480000,21880000,no,0,https://laptoptv.vn/laptop-cu-dell-latitude-7420-2in1-vo-nhom-core-i7-1165g7-32gb-512gb-14-inch-fhd-cam-ung
44712912,[New 100%] Laptop Asus Zenbook 14 OLED Q415MA-U5512 2024 | Core Ultra 5-125H | 8GB | 512GB | 14 inch FHD+ Cảm ứng,Asus,Laptop,Cao cấp,Mới,12 Tháng,Core Ultra 5-125H,8GB DDR5,512GB NVMe,Intel Graphics,14 inch OLED Cảm ứng,15490000,19990000,no,0,https://laptoptv.vn/asus-zenbook-14-oled-q415ma-u5512-ultra-5-125h-8gb-512gb-fhd-cam-ung
44712816,Laptop cũ Dell Precision 7540 Core i7-9850H | 16GB | 512GB | RTX 3000 | 15.6 inch FHD,Dell,Laptop,Đồ hoạ,Cũ,6 Tháng,Intel Core i7,16GB,512GB SSD NVMe PCIe,NVIDIA RTX 3000,15.6 inch FHD,15490000,20490000,no,0,https://laptoptv.vn/laptop-cu-dell-precision-7540-core-i7-9850h-16gb-512gb-rtx-3000-15-6-inch-fhd
44712710,[New 100%] Laptop Dell Inspiron 5630 Core i5-1340P | 16GB | 512GB | 16 inch FHD,Dell,Laptop,Cao cấp,Mới,12 Tháng,intel Core i5-1340P,16G DDR5,512GB NVMe PCIe,Intel Graphics,16 inch FHD+,15580000,20590000,no,0,https://laptoptv.vn/dell-inspiron-5630-core-i5-1340p-16gb-512gb-16-inch-fhd
90575238,Laptop Gaming Asus TUF FX706HC-HX009T Core i5 11400H | 16GB | 512GB | RTX 3050 | 17.3 inch FHD 144hz,Asus,Laptop,Gaming,?,,i5-11400H,16GB,512GB,RTX 3050,17.3 inch FHD 144Hz,15680000,22980000,no,0,https://laptoptv.vn/laptop-gaming-asus-tuf-fx706hc-hx009t-core-i5-11400h-16gb-512gb-rtx-3050-17-3-inch-fhd-144hz
62179830,[Like New] Dell Latitude 9520 | Core i7-1185G7 | 16GB | 512GB | 15 Inch FHD,Dell,Laptop,Laptop,Likenew,6 Tháng,Intel Core i7-1185G7,16GB LPDDR4x,512GB NVMe PCIe,Intel Iris Xe Graphics,15 inch FHD,15680000,20180000,no,0,https://laptoptv.vn/dell-latitude-9520-core-i7-1185g7-16gb-512gb-15-inch-fhd
44712954,[Like new] Dell Inspiron 5320 Intel Core i5-1240P | 16GB | 512GB | 13.3 Inch QHD+,Dell,Laptop,Cao cấp,Likenew,6 Tháng,Intel Core i5-1240P,16GB DDR4,512GB NVMe,Iris Xe Graphics,13.3 inch QHD+,15680000,19900000,no,0,https://laptoptv.vn/new100-dell-inspiron-5320-intel-core-i5-1240p-16gb-512gb-13-3-inch-qhd
44712934,Laptop cũ Dell Inspiron 5510 Core i7-11390H | 16GB | 512GB | MX450 | 15.6 inch FHD,Dell,Laptop,Văn phòng,Cũ,6 Tháng,Intel Core i7-11390H,16GB DDR4,512GB NVMe,Nvidia MX450,15.6 inch,15680000,18900000,no,0,https://laptoptv.vn/laptop-cu-cao-cap-dell-inspiron-5510-core-i7-11390h-16gb-512gb-mx450-man-hinh-15-6-inch-fhd
44712921,[New 100%] Lenovo Ideapad Gaming 3 15ARH7 Ryzen 5-7535HS | 8GB | 512GB | RTX 2050 4G |15.6 inch FHD 120Hz,Lenovo,Laptop,Gaming,Mới,12 Tháng,AMD Ryzen -7535HS,8GB DDR3,512GB NVMe,Nvidia GTX 1650,15.6 inch 120Hz,15680000,17680000,no,0,https://laptoptv.vn/lenovo-ideapad-gaming-3-15arh7-ryzen-5-7535hs-8gb-512gb-rtx-2050-4g-15-6-inch-fhd
82727535,[New 100%] Dell Pro Essential PV15255 | Ryzen 5-7520U | 8GB | 512GB | 15.6 inch FHD 120Hz,Dell,Laptop,Laptop,Mới,12 Tháng,Ryzen 5-7520U,8GB,512GB,Radeon 610M,15.6 inch FHD 120Hz,15780000,16800000,no,0,https://laptoptv.vn/new-100-dell-pro-essential-pv15255-ryzen-5-7520u-8gb-512gb-15-6-inch-fhd-120hz
44712688,Laptop cũ Dell Precision 7550 Core™ i7-10850H | 16GB | 512GB | T2000 | 15.6 inch FHD,Dell,Laptop,Đồ hoạ,Cũ,6 Tháng,Intel Core i7-10750H,16GB DDR4 3200Mhz,512GB NVMe PCIe,NVIDIA T1000,15.6 inch FHD,15790000,27500000,yes,4,https://laptoptv.vn/dell-precision-7550-mobile-workstation-core-i7-10850h-ram-16gb-ssd-512gb-t1000-fhd
44713035,[Like New] Dell Precision 5540 Core i7-9850H | 32GB | 512GB | T1000 | 15.6 inch 4K cảm ứng,Dell,Laptop,Đồ hoạ,Likenew,6 Tháng,Intel Core i7-9850H,32GB DDR4,512GB Nvme,Quardo T1000,15.6 inch 4K Cảm ứng,15800000,19980000,no,0,https://laptoptv.vn/laptop-cu-dell-dell-precision-5540-core-i7-9850h-16gb-512gb-t1000
62814416,[Like New] Dell Latitude 9520 | Core i7-1185G7 | 32GB | 256GB | 15 Inch FHD,Dell,Laptop,Laptop,Likenew,6 Tháng,Intel Core i7-1185G7,32GB DDR4x,512GB NVMe PCIe,Intel Iris Xe Graphics,15 inch FHD,15880000,22680000,no,0,https://laptoptv.vn/like-new-dell-latitude-9520-core-i7-1185g7-32gb-512gb-15-inch-fhd
44712903,Laptop cũ Dell XPS 7390 2in1 Core i7-1065G7 | 16GB | 256GB | 13.3 inch FHD Cảm ứng,Dell,Laptop,Cao cấp,Cũ,6 Tháng,Intel Core i7-1065G7,16GB DDR4,256GB NVMe,Intel Graphics,13.3 inch FHD Cảm ứng,15880000,24980000,yes,3,https://laptoptv.vn/dell-xps-7390-2in1-cam-ung-core-i7-1065g7-16gb-256gb-fhd-xoay-ga-p-360
54409135,[New 100%] HP OmniBook 5 Flip 2in1  Core 5 120U | 8GB | 512GB | 14inch FHD + Touch | Glacier Silver,HP,Laptop,Xoay gập,Mới,12 Tháng,Core 5-120U,,512GB NVMe PCIe,Intel Graphics,14 inch Cảm ứng,15890000,19980000,yes,3,https://laptoptv.vn/hp-omnibook-5-flip-2in1-core-5-120u-8gb-512gb-14inch-fhd-touch-glacier-silver
44712627,[New100%] HP 14-EP0777TU Core i7-1260P | 16GB | 512GB | 14 inch FHD,HP,Laptop,Văn phòng,Mới,12 Tháng,Intel Core i7-1260P,16G DDR4- 3200MHz,512GB Nvme,Intel Graphics,14 inch FHD IPS,15890000,23380000,no,0,https://laptoptv.vn/hp-14-ep0777tu-core-i7-1260p-16gb-512gb-14-inch-fhd
44712589,[New 100%] Laptop HP 15-FD0888TU Core i7-1260P | 16GB | 512GB | 15.6 inch FHD,HP,Laptop,Cao cấp,Mới,12 Tháng,Intel Core i7-1260P,16G DDR4- 3200MHz,512GB NVMe PCIe,Intel Graphics,15.6 inch FHD IPS,15890000,25380000,no,0,https://laptoptv.vn/hp-15-fd0888tu-core-i7-1260p-16gb-512gb-15-6-inch-fhd
44713049,[Like New] Dell Precision 5540 Core i9-9880H | 16GB | 512GB | T2000 | 15.6 inch FHD,Dell,Laptop,Đồ hoạ,Likenew,6 Tháng,Intel Core i9-9880H,16GB DDR4,512GB NVMe,Quadro T2000,15.6 inch FHD,15980000,21680000,no,0,https://laptoptv.vn/laptop-cu-do-hoa-dell-precision-5540-core-i9-9980hk-16gb-512gb-t2000
44712963,[New100%] Dell Inspiron 3530 Core i7-1355U | 16GB | 512GB | 15.6 inch FHD,Dell,Laptop,Cao cấp,Mới,12 Tháng,Intel Core i7-1355U,16GB DDR4,512GB NVMe,Iris Xe Graphics,15.6 inch FHD,15980000,20860000,yes,0,https://laptoptv.vn/new100-dell-inspiron-3530-core-i7-1355u-16gb-512gb-man-hinh-15-6-inch-fhd
44712767,Laptop cũ Dell XPS 7390 Cảm ứng Core i7-10710U | 16GB | 512GB | 13.3 inch 4K,Dell,Laptop,Laptop,Cũ,6 Tháng,Intel Core i7,16GB,512GB,Intel Graphics,13.3 inch,15980000,19990000,no,0,https://laptoptv.vn/laptop-cu-cao-cap-dell-xps-7390-cam-ung-core-i7-10710u-16gb-512gb-man-hinh-13-3-inch-4k
44712647,Laptop cũ Acer Nitro 5 AN515-57 Core i5-11400H | 8GB | 256GB | GTX1650 | 15.6 inch FHD,Acer,Laptop,Gaming,Cũ,6 Tháng,Intel Core i5-11400H,8GB DDR4 3200 MHz,256GB NVMe PCIe,NVIDIA GTX 1650,15.6 inch FHD,15990000,18560000,no,0,https://laptoptv.vn/acer-nitro-5-an515-57-core-i5-11400h-8gb-256gb-gtx1650
44712591,[New 100%] Laptop HP Victus 15-fa0031dx Core i5-12450H | 8GB | 512GB | GTX1650 | 15.6 inch FHD,HP,Laptop,Gaming,Mới,12 Tháng,Intel Core i5-12450H,8GB DDR4 3200 MHz,512GB NVMe PCIe,NVIDIA GTX1650,15.6 inch FHD,15990000,19180000,no,0,https://laptoptv.vn/hp-victus-15-fa0031dx-core-i5-12450h-8gb-512gb-gtx1650
44712918,Lenovo Ideapad Gaming 3 Ryzen 5-5600H | 8GB | 256GB | 3050TI | 15.6 inch FHD 120Hz,Lenovo,Laptop,Gaming,?,,AMD Ryzen 5-5600H,8GB DDR4,256GB NVMe,RTX3050Ti,15.6 inch 120Hz,16290000,24480000,no,0,https://laptoptv.vn/lenovo-ideapad-gaming-3-ryzen-5-5600h-8gb-256gb-3050ti-15-6-inch-fhd
55081821,[Like New] Surface Laptop 4 i7- 1185G7 | 32GB | 1TB  | 13.5 inch 2K Cảm ứng,Samsung,Laptop,Xoay gập,Likenew,6 Tháng,Intel Core i7-1185G7,32GB,512GB Nvme,onboard,13.5 inch 2K Cảm ứng,16390000,29890000,no,0,https://laptoptv.vn/new100-surface-laptop-4-i7-1185g7-32gb-1tb-13-5-inch-2k-cam-ung
47987785,[Like New] Dell Inspiron 7430 Plus | Core i5-13420H | 16GB | 1TB | 14 inch 2.5K,Dell,Laptop,Cao cấp,Likenew,12 Tháng,Intel Core i5-13420H,16GB LPDDR5 4800MHz,1 TB PCIe NVMe,Intel® Graphics,14 inch 2.5K,16390000,23180000,no,0,https://laptoptv.vn/new-100-dell-inspiron-7430-plus-core-i5-13420h-16gb-1tb-14-inch-2-5k
86956872,[Like New]Dell Latitude 9520 2in1 Core i7-1185G7 | 16GB | 512GB | 15.6 inch FHD Cảm ứng,Dell,Laptop,Xoay gập,Likenew,6 Tháng,Intel Core i7-1185G7,16GB onboard,512GB NVMe PCIe,Intel Iris Xe Graphics,15 inch FHD Cảm ứng,16480000,19890000,no,0,https://laptoptv.vn/like-new-dell-latitude-9520-2in1-core-i7-1185g7-16gb-512gb-15-6-inch-fhd-cam-ung
82727773,[New 100%] Dell Pro Essential PV15250 | Core i5-1334U | 8GB | 512GB | 15.6 inch FHD 120Hz,Dell,Laptop,Laptop,Mới,12 Tháng,Intel Core i5-1334U,8GB,512GB,Radeon 610M,15.6 inch FHD 120Hz,16480000,18880000,no,0,https://laptoptv.vn/new-100-dell-pro-essential-pv15250-core-i5-1334u-8gb-512gb-15-6-inch-fhd-120hz
58793507,[Like New] Dell Precision 5550 Core i7-10850H [10750H] | 16GB | 512GB | Quardo T1000 | 15.6 inch FHD,Dell,Laptop,Đồ hoạ,Likenew,6 Tháng,Intel Core i7-10850H,16GB DDR4,512GB NVMe,Quardo T1000,15.6 inch FHD,16480000,22890000,no,0,https://laptoptv.vn/like-new-dell-precision-5550-core-i7-10850h-16gb-512gb-quardo-t1000-15-6-inch-fhd
52227039,Laptop cũ Dell XPS 7390 2in1 Core i7-1065G7 | 16GB | 512GB | 13.3 inch FHD Cảm ứng,Dell,Laptop,Cao cấp,Cũ,6 Tháng,Intel Core i7-1065G7,16GB DDR4,512GB  NVMe PCIe,Intel Graphics,13.3 inch FHD Cảm ứng,16480000,24980000,no,0,https://laptoptv.vn/laptop-cu-dell-xps-7390-2in1-core-i7-1065g7-16gb-512gb-13-3-inch-fhd-cam-ung
44713041,[Like New] Dell Latitude 9420 2in1 Core i7-1185G7 | 16GB | 512GB | 14 inch 2K,Dell,Laptop,Xoay gập,Likenew,6 Tháng,Intel Core i7-1185G7,16GB DDR4,256GB NVMe,Intel Graphics,14 inch,16480000,23280000,no,0,https://laptoptv.vn/like-new-dell-latitude-9420-2in1-core-i7-1185g7-16gb-512gb-14-inch-2k
44712951,[Like New] Laptop Dell Inspiron 5330 Core i5-1340P | 16GB | 512GB | 13.3 Inch QHD,Dell,Laptop,Văn phòng,Likenew,12 Tháng,Intel Core i5-1340P,16GB DDR4,512GB NVMe,Iris Xe Graphics,13.3 inch QHD,16480000,22980000,no,0,https://laptoptv.vn/new100-laptop-dell-inspiron-5330-core-i5-1340p-16gb-512gb-13-3-inch-qhd
47864430,[Like New] Dell XPS 9310 | Core i7 1165G7 | 16GB | 512GB | 13.3 inch FHD,Dell,Laptop,Cao cấp,Likenew,,Intel Core I7-1165G7,16GB DDR4,512GB SSD NVMe PCIe,Intel® Graphics,13.3 inch FHD,16490000,21180000,no,0,https://laptoptv.vn/laptop-cu-dell-xps-9310-core-i7-1165g7-16gb-512gb-13-3-inch-fhd
44712746,Laptop cũ Dell XPS 9305 Core i7-1165G7 | 16GB | 512GB | 13.3 inch FHD,Dell,Laptop,Cao cấp,Cũ,6 Tháng,,,,,,16490000,25990000,no,0,https://laptoptv.vn/dell-xps-9305-core-i5-1135g7-8gb-256gb
44712871,[Like New] Acer Nitro 5 AN515-57 Core i5-11400H | 16GB | 512GB | RTX 3050 | 15.6 inch FHD,Acer,Laptop,Gaming,Likenew,6 Tháng,intel Core i5-11400H,16GB DDR4,,NVIDIA RTX3050,15.6 inch FHD,16580000,18680000,no,0,https://laptoptv.vn/laptop-cu-acer-nitro-5-an515-57-core-i5-11400h-16gb-512gb-rtx3050
53458889,[LikeNew] Dell Inspiron 14 7420 Plus Core i7-12700H | 16GB | 512GB |14 inch 2.2K,Dell,Laptop,Laptop,Likenew,,Core i7-12700H,16GB DDR5,512GB Nvme,Intel Iris Xe Grahics,14inch 2.2K,16590000,22990000,no,0,https://laptoptv.vn/likenew-dell-inspiron-14-7420-plus-core-i7-12700h-16gb-512gb-14-inch-2-2k
44712852,Laptop cũ HP ENVY 13 x360 Core i5-1135G7 | 8GB | 256GB | 13 inch FHD Cảm ứng,HP,Laptop,Xoay gập,Cũ,6 Tháng,Core i5-1135G7,8GB DDR4,256GB,Intel Iris Xe Graphics,13 inch FHD Cảm ứng,16590000,0,no,0,https://laptoptv.vn/laptop-cu-hp-envy-13-x360-cam-ung-core-i5-1135g7-8gb-256gb
44712955,[Like new] Dell Inspiron 5320 Intel Core i7-1260P | 16GB | 512GB | 13.3 Inch QHD+,Dell,Laptop,Cao cấp,Likenew,6 Tháng,Intel Core i7-1260P,16GB DDR4,512GB NVMe,Iris Xe Graphics,13.3 inch QHD+,16680000,21880000,no,0,https://laptoptv.vn/new100-dell-inspiron-5320-intel-core-i7-1260p-16gb-512gb-13-3-inch-qhd
44712939,[Like new] Laptop Dell Inspiron 5430 Core i5-1340P | 16GB | 512GB | 14 inch 2.5K,Dell,Laptop,Cao cấp,Likenew,6 Tháng,Intel Core i5-1340P,16GB DDR4,512GB NVMe,Intel Graphics,14 inch 2K,16680000,17990000,yes,3,https://laptoptv.vn/new-100-laptop-dell-inspiron-5430-core-i5-1340p-16gb-512gb-man-hinh-14-inch-2k
44712857,Laptop cũ Lenovo Thinkpad X1 Carbon Gen 9 Core i7-1185G7 | 16GB | 512GB | 14 inch FHD+,Lenovo,Laptop,Cao cấp,Cũ,6 Tháng,Core i7-1185G7,16GB LPDDR4X,256GB Nvme,ntel Iris Xe Graphics,14 inch,16680000,18900000,no,0,https://laptoptv.vn/laptop-cu-cao-cap-lenovo-thinkpad-x1-carbon-gen-9-core-i7-1185g7-16gb-256gb-fhd
44712646,Laptop cũ Acer Nitro 5 AN515-46 Ryzen 7-6800H | 16GB | 512GB | RTX3050 | 15.6 inch  FHD 165hz,Acer,Laptop,Gaming,Cũ,6 Tháng,Ryzen 7-6800H,16GB DDR4,512GB NVMe PCIe,NVIDIA RTX3050,15.6 inch 2.5K 165Hz,16680000,23780000,no,0,https://laptoptv.vn/acer-nitro-5-an515-46-ryzen-7-6800h-16gb-512gb-rtx3050-fhd-165hz
57705289,[New 100%] Dell Pro 14 PC14250 2025 Core 5 120U | 8GB | 512G | 14 FHD Magnetite,Dell,Laptop,Cao cấp,Mới,12 Tháng,AMD Ryzen™ AI 7 350,16GB LPDDR5,512GB  NVMe PCIe,Intel®™ Graphics,14 inch FHD+,16780000,29890000,no,0,https://laptoptv.vn/new-100-dell-pro-14-pc14250-2025-core-ultra-5-120u-8gb-512g-14-fhd-magnetite
46684286,Macbook Air M2 13inch | 8GB 256GB | LikeNew 99%,Macbook,Laptop,Cao cấp,Likenew,6 Tháng,Apple M2,,256GB Nvme,onboard,13.3 inch 2K,16790000,26990000,no,0,https://laptoptv.vn/macbook-air-m2-13inch-8gb-256gb-likenew-99
44712624,[New 100%] Laptop ThinkBook 14 G6 Core i5-13420H | 16GB | 512GB | 14 inch FHD,Lenovo,Laptop,Cao cấp,Mới,12 Tháng,Intel Core i5-13420H,16GB DDR4 3200 MHz,SSD M.2 NMVe 512GB,Intel Graphics,14 inch FHD,16790000,21690000,no,0,https://laptoptv.vn/thinkbook-14-g6-core-i5-13420h-16gb-512gb-14-inch-fhd
77828369,[Open box] Dell Latitude 9420 [Vỏ nhôm] Core i7-1185G7 | 16GB | 512GB | 14.0 inch FHD,Dell,Laptop,Xoay gập,?,,Intel Core i7-1185G7,16GB DDR4,512 GB NVMe,,14inch FHD,16880000,23380000,no,0,https://laptoptv.vn/open-box-dell-latitude-9420-vo-nhom-core-i7-1185g7-16gb-512gb-14-0-inch-fhd
44712704,[New 100%] Laptop Dell Inspiron 5445 Ryzen 7-8840HS | 16GB | 512GB | 14 inch 2.2K,Dell,Laptop,Cao cấp,Mới,12 Tháng,Ryzen7 8840HS,16GB DDR5 5600 MHz,512GB NVMe PCIe,VGA Intel UHD Xe G4,14 inch FHD,16880000,22990000,yes,-1,https://laptoptv.vn/dell-inspiron-5445-ryzen7-8840hs-16gb-512gb-14-inch-2k
46134749,[New 100%] Laptop Dell Inspiron 7430 2in1 Core i5-1335U | 16GB | 256GB | 14 inch FHD Cảm ứng,Dell,Laptop,Xoay gập,Mới,12 Tháng,Intel Core i5-1355U,16GB DDR4,256GB Nvme,Intel Graphics,14 inch FHD Cảm ứng,16890000,18900000,no,0,https://laptoptv.vn/new-100-laptop-dell-inspiron-7430-2in1-cam-ung-core-i5-1335u-8gb-512gb-xoay-ga-p-360-man-hinh-14-inch-fhd-touch-1
44712972,[Like new] Dell Gaming G15 5520 Core i5-12500H | 16GB | 512GB | RTX 3050 |  15.6 inch FHD 120Hz,Dell,Laptop,Gaming,Likenew,6 Tháng,Intel Core i5-12500H,16GB DDR4,512GB NVMe,RTX 3050,15.6 inch FHD 120Hz,16890000,21380000,no,0,https://laptoptv.vn/like-new-dell-gaming-g15-5520-core-i5-12500h-8gb-512gb-rtx-3050-15-6-inch-fhd-120hz
44712843,[New 100%] Laptop HP Envy 14 2in1 2024 Ryzen 5-8640HS | 16GB | 512GB | 14 inch Cảm ứng,HP,Laptop,Xoay gập,Mới,12 Tháng,AMD Ryzen 5-8640HS,16GB LPDDR5,M.2 NMVe 512GB,Iris XE Graphics,"14"" FHD Cảm ứng",16890000,20900000,no,0,https://laptoptv.vn/new-100-laptop-hp-envy-14-2in1-cam-ung-ryzen-5-8640hs-16gb-512gb-xoay-ga-p-360
61648600,[Like new] Laptop Dell Latitude 7340 | Core i7 1365U | 16GB | 256GB | 13.3 inch FHD+,Dell,Laptop,Xoay gập,Likenew,6 Tháng,Intel Core i7-1365U,16GB LPDDR5,256GB NVMe PCIe,Intel Iris Xe Graphics,13.3 inch FHD+ Cảm ứng,16980000,25890000,no,0,https://laptoptv.vn/like-new-laptop-dell-latitude-7340-core-i7-1365u-16gb-256gb-13-3-inch-fhd
55074931,Laptop cũ Asus TUF A15 FA506QM Ryzen 7-5800H | 16GB | 512G | RTX 3050TI | 15.6 inch FHD 144Hz,Asus,Laptop,Gaming,Cũ,6 Tháng,AMD Ryzen 7- 5800H,16GB DDR4,512GB NVMe,RTX 3050Ti,15.6 inch 144Hz,16980000,20590000,yes,5,https://laptoptv.vn/laptop-cu-asus-tuf-a15-fa506qm-ryzen-7-5800h-16gb-512g-rtx-3050ti-15-6-inch-fhd-144hz
55057795,[LikeNew] Lenovo Thinkpad X1 Yoga Gen 6 2in1  Core i7-1185G7 | 16GB | 256GB | 14 inch FHD  Cảm Ứng (Tặng kèm bút),Lenovo,Laptop,Xoay gập,Likenew,6 Tháng,intel Core i7-1185G7,16GB LPDDR4,M.2 NMVe 256GB,Intel Graphics,14 inch FHD,16980000,24680000,no,0,https://laptoptv.vn/likenew-lenovo-thinkpad-x1-yoga-gen-6-2in1-core-i7-1185g7-16gb-256gb-14-inch-fhd-cam-ung
46525461,[New 100%] Asus Vivobook S 14 Q423SA-U5512 Core Ultra 5 226V | 16GB | 512GB | Intel Arc Graphics | 14 inch  FHD+ OLED,Asus,Laptop,Cao cấp,Mới,12 Tháng,Core Ultra 5 226V,16GB DDR5,512GB NVMe,Intel Arc Graphics,14 inch FHD+ OLED,16980000,19990000,yes,4,https://laptoptv.vn/new-100-asus-vivobook-s-14-q423sa-u5512-core-ultra-5-226v-16gb-512gb-intel-arc-graphics-14-inch-fhd-oled
44713075,Laptop cũ Dell XPS 7390 2in1 Core I7-1065G7 | 16GB | 512GB | 13.3 inch 4K Cảm ứng,Dell,Laptop,Cao cấp,Cũ,6 Tháng,intel Core i7- 1065G7,16GB DDR5,512GB NVMe,onboard,13.4 inch 4K,16980000,26980000,no,0,https://laptoptv.vn/laptop-cu-cao-cap-dell-xps-7390-2in1-cam-ung-core-i7-1065g7-16gb-512gb-4k-xoay-ga-p-360
44712739,[New100%] Laptop Gaming HP Victus 15 Core i5-12450H | 8GB | 512GB | RTX 3050 | 15.6 inch 144hz,HP,Laptop,Gaming,Mới,12 Tháng,Intel Core i5-12450H,8GB DDR4,512GB NVMe PCIe,NVIDIA RTX3050,15.6 inch FHD 144hz,16980000,19980000,no,0,https://laptoptv.vn/hp-victus-15-core-i5-12450h-8gb-512gb-rtx3050-15-6-inch-144hz
44712588,[New 100%] Laptop HP 15-FD1850TU UItra 5-125H | 16GB | 512GB | 15.6 inch FHD,HP,Laptop,Cao cấp,Mới,12 Tháng,UItra 5-125H,16G DDR4- 3200MHz,512GB NVMe PCIe,Intel Graphics,15.6 inch FHD IPS,17180000,23890000,no,0,https://laptoptv.vn/hp-15-fd1850tu-uitra-5-125h-16gb-512gb-15-6-inch-fhd
44712927,[Like new] Dell Latitude 7430 2in1 Core i7-1265U | 32GB | 512GB 14 inch FHD Cảm ứng (BảnLimited),Dell,Laptop,Xoay gập,Likenew,6 Tháng,Intel Core i7-1265U,32GB DDR4,512GB NVMe,Intel Graphics,14 inch FHD Cảm ứng,17190000,23900000,no,0,https://laptoptv.vn/like-new-dell-latitude-7430-2in1-core-i7-1265u-32gb-256gb-14-inch-fhd-cam-ung-banlimited
59237239,[New 100%] Dell DC 15 DC15250 2025  - Intel Core i5-13340U | 8GB | 512GB | 15.6 inch FHD Touch,Dell,Laptop,Laptop,Mới,12 Tháng,Intel Core i7-13620H,,512GB Nvme,Intel Iris Xe Graphics,15.6 inch FHD,17380000,19680000,no,0,https://laptoptv.vn/new-100-dell-dc-15-dc15250-2025-intel-core-i5-13440u-8gb-512gb-15-6-inch-fhd
57704510,[New 100%] Laptop Dell Inspiron 5441 Snapdragon X Plus X1P-42-100 | 16GB | 1TB | 14 inch FHD+ Windows 11,Dell,Laptop,Cao cấp,Mới,12 Tháng,X Plus X1P-42-100 (30M Cache),16GB DDR5,1TB Nvme,Qualcomm Adreno,14 inch FHD+,17380000,21800000,no,0,https://laptoptv.vn/new-100-laptop-dell-inspiron-5441-snapdragon-x-plus-x1p-42-100-16gb-1tb-14-inch-fhd-windows-11
85822062,[Like New] Laptop Dell Latitude 9430 2in1 Core i5 1235U | 16GB | 512GB | Iris Xe Graphic | 14 inch QHD+ Cảm ứng,Dell,Laptop,Xoay gập,Likenew,6 Tháng,Intel Core i5 1235U,16GB,512GB,Intel Iris Xe Graphics,14 inch 2.2K Cảm ứng,17480000,24880000,no,0,https://laptoptv.vn/like-new-laptop-dell-latitude-9430-2in1-core-i5-1235u-16gb-512gb-iris-xe-graphic-14-inch-qhd-cam-ung
46679844,Laptop cũ Macbook Pro 13 inch 2020 Core I7 | 32GB | 1TB | 13.3 inch 2K,Macbook,Laptop,Cao cấp,Cũ,6 Tháng,Intel Core i7,32GB LPDDR4,1TB Nvme,onboard,13.3 inch 2K,17480000,29990000,no,0,https://laptoptv.vn/laptop-cu-macbook-pro-13-inch-2020-core-i7-32gb-1tb-13-3-inch-2k
44713033,[Like New] Dell Precision 5550 Core i7-10850H [10750H] | 16GB | 512GB | Quardo T1000 | 15.6 inch 4K Cảm ứng,Dell,Laptop,Đồ hoạ,Likenew,6 Tháng,Intel Core i7-10850H,16GB DDR4,512GB NVMe,Quardo T1000,15.6 inch 4K Cảm ứng,17480000,21680000,no,0,https://laptoptv.vn/laptop-cu-do-hoa-dell-precision-5550-core-i7-10850h-16gb-512gb-t1000-4k-cam-ung
44712952,[Like New] Laptop Dell Inspiron 5330 Core i7-1360P | 16GB | 512GB | 13.3 inch QHD,Dell,Laptop,Văn phòng,Likenew,12 Tháng,Intel Core i7-1360P,16GB DDR4,512GB NVMe,Iris Xe Graphics,13.3 inch QHD,17480000,24980000,no,0,https://laptoptv.vn/new100-laptop-dell-inspiron-5330-core-i7-1360p-16gb-512gb-13-3-inch-qhd
44712942,[Like New] Dell Inspiron 5420 Core i7-1260P | 16GB | 512GB | Màn hình 14 inch 2K,Dell,Laptop,Cao cấp,Likenew,6 Tháng,Intel Core i7-1260P,16GB DDR4,512GB NVMe,Intel Graphics,14 inch 2K,17480000,21900000,no,0,https://laptoptv.vn/laptop-cu-cao-cap-dell-inspiron-5420-core-i7-1260p-16gb-512gb-man-hinh-14-inch-2k
44712626,[New100%] Laptop ThinkBook 14 G5+  Ryzen 7- 7735H | 16GB | 512GB | 14inch 2.8K 90Hz,Lenovo,Laptop,Cao cấp,Mới,12 Tháng,Ryzen 7-7735H,16GB DDR4 3200 MHz,SSD M.2 NMVe 512GB,onboard,14 inch 2.8K,17480000,22690000,yes,0,https://laptoptv.vn/thinkbook-14-g5-plus-ryzen-7-7735h-16gb-512gb-14-inch-2-8k-90hz
44712865,[Like New] Acer Nitro 5 AN515-57 Core i5-11400H | 16GB | 512GB | RTX 3050 | 15.6 inch FHD 144hz,Acer,Laptop,Gaming,Likenew,6 Tháng,intel Core i5-11400H,16GB DDR4,M.2 NMVe 512GB,NVIDIA RTX3050,15.6 inch FHD,17580000,20500000,no,0,https://laptoptv.vn/laptop-cu-gaming-acer-nitro-5-an515-57-core-i5-11400h-16gb-512gb-rtx3050-2-5k-165hz
82729094,[Like new] Dell Latitude 7440 2in1 Core i5-1335U | 16GB | 512GB | 14.0 inch FHD Touch,Dell,Laptop,Laptop,Likenew,6 Tháng,i5-1345U,,512GB,Iris Xe,14.0 inch FHD Touch,17680000,26880000,no,0,https://laptoptv.vn/like-new-dell-latitude-7440-2in1-core-i7-1365u-32g-512g-14-0-inch-fhd-touch
44713070,[Like new] Dell XPS 7390 2in1 Core i7-1065G7 | 16GB | 1TB | 13.3 inch FHD Cảm ứng,Dell,Laptop,Cao cấp,Likenew,6 Tháng,intel Core i7- 1065G7,16GB DDR4,1TB,onboard,13 inch,17680000,30860000,no,0,https://laptoptv.vn/laptop-like-new-cao-cap-dell-xps-7390-2in1-cam-ung-core-i7-1065g7-16gb-1tb-fhd-xoay-ga-p-360
44713030,[Like New] Dell Precision 5550 Core i7-10850H [10750H] | 16GB | 512GB | T2000 | 15.6 inch FHD,Dell,Laptop,Đồ hoạ,Likenew,6 Tháng,Intel Core i7,16GB DDR4,512GB NVMe,Quardo T2000,15.6 inch FHD,17680000,22480000,yes,9,https://laptoptv.vn/laptop-cu-precision-5550-core-i7-10850h-16gb-512gb-t2000
44712855,Laptop cũ Lenovo Thinkpad X1 Carbon Gen 9 Core i7-1185G7 | 16GB | 512GB | 14 inch 4K,Lenovo,Laptop,Cao cấp,Cũ,6 Tháng,Core i5 1135G7,16GB LPDDR4X,512GB,Intel Iris Xe Graphics,14 inch 4K+ 100% sRGB 400nit,17680000,19690000,no,0,https://laptoptv.vn/laptop-cu-cao-cap-lenovo-thinkpad-x1-carbon-gen-9-core-i7-1185g7-16gb-512gb-4k
44712684,[New100%] Laptop Lenovo LOQ 2024 15IAX9  Core i5-12450HX | 12GB | 512GB | RTX 2050 4GB | 15.6 inch FHD 144Hz,Lenovo,Laptop,Gaming,Mới,12 Tháng,Intel Core i5-13420H,8GB DDR5 5200MHz,512GB  NVMe PCIe,NVIDIA RTX 3050 6GB,15.6 inch FHD 144hz,17680000,21560000,yes,-1,https://laptoptv.vn/new100-laptop-lenovo-loq-2024-15iax9-core-i5-12450hx-12gb-512gb-rtx-2050-4gb-15-6-inch-fhd-144hz
80757563,Dell Precision 3571 | Core i7-12700H | 16GB | 512GB | Quadro A1000 | 15.6 inch FHD,Dell,Laptop,Laptop,Cũ,6 Tháng,i7-12700H,16GB,512GB,Quadro A1000,15.6 inch FHD,17690000,21680000,no,0,https://laptoptv.vn/dell-precision-3571-core-i7-12700h-16gb-512gb-quadro-a1000-15-6-inch-fhd
60985584,Dell Inspiron 16 Plus 7630 | Core i5-13420H | 16GB | 1TB | 16 inch 2.5K QHD+ 120Hz,Dell,Laptop,Cao cấp,Mới,12 Tháng,Intel Core i5-13420H,16GB DDDR5,1TB PCIe NVMe,Iris XE Graphics,16 inch 2.5K,17780000,20980000,no,0,https://laptoptv.vn/dell-inspiron-16-plus-7630-core-i5-13420h-16gb-1tb-16-inch-2-5k-qhd-120hz
46690330,[New100%] Laptop MSI Thin 15 B13UC 2081VN Core i5-13420H | 16GB | 512GB | RTX 3050 4GB | 15.6 inch FHD 144Hz | Win 11,MSI,Laptop,Gaming,Mới,12 Tháng,Intel Core i5-13420H,8GB DDR4,SSD 512GB NVMe,Nvidia GeForce RTX 3050 4GB,15.6 inch FHD 144hz,17890000,25660000,no,0,https://laptoptv.vn/new100-laptop-msi-thin-15-b13uc-2081vn-core-i5-13420h-16gb-512gb-rtx-3050-4gb-15-6-inch-fhd-144hz-win-11
47536668,[Like new] Laptop Dell Inspiron 5430 Core i7-1360P | 16GB | 512GB | 14 inch 2.5K,Dell,Laptop,Cao cấp,Likenew,6 Tháng,intel Core i7-1360P,16GB DDR4,512GB NVMe,Intel Graphics,14 inch 2K,17980000,22990000,no,0,https://laptoptv.vn/new-100-laptop-dell-inspiron-5430-core-i7-1360p-16gb-512gb-14-inch-2-5k
44712776,[Like New] Dell XPS 9310 2in1  Core i7-1165G7 | 16GB | 256GB | 13 inch FHD+ Cảm ứng,Dell,Laptop,Xoay gập,Likenew,6 Tháng,Intel Core i7,16GB,256GB,Intel Graphics,13.3 inch,17980000,25990000,yes,7,https://laptoptv.vn/laptop-cu-cao-cap-dell-xps-9310-2in1-cam-ung-core-i7-1165g7-16gb-256gb-man-hinh-13-inch-fhd
46549169,[New 100%] Laptop Dell Inspiron 5640 Core 7-150U | 16GB | 512GB | Intel Arc Graphics | 15.6 inch FHD+,Dell,Laptop,Cao cấp,Mới,12 Tháng,Intel Core 7-150U,16GB DDR5,512GB Nvme,Intel Graphics,15.6 inch FHD+,17990000,23480000,no,0,https://laptoptv.vn/new-100-laptop-dell-inspiron-5430-core-i7-1360p-16gb-1tb-man-hinh-14-inch-2k-1
54408668,[New100%] Laptop Lenovo LOQ 15 2023 Core i5-13420H | 8GB | 512GB | RTX 3050 6GB |15.6 inch 144Hz,Lenovo,Laptop,Gaming,Mới,12 Tháng,Intel Core i5-13420H,8GB DDR5 5200MHz,,NVIDIA RTX 3050 6GB,15.6 inch FHD 144hz,18180000,26490000,no,0,https://laptoptv.vn/new100-laptop-lenovo-loq-15-2023-core-i5-13420h-8gb-512gb-rtx-3050-6gb-15-6-inch-144hz
44731514,[New 100%] Laptop ThinkBook 16 G6 ABP Ryzen 7-7735U | 16GB | 1TB | 16 inch 2.5K 100% sRGB,Lenovo,Laptop,Cao cấp,Mới,12 Tháng,AMD Ryzen 7-7735U,16GB DDR5,512GB Nvme,onboard,16 inch 2.5K,18180000,21690000,no,0,https://laptoptv.vn/new-100-laptop-thinkbook-16-g6-abp-ryzen-7-7735u-16gb-1tb-16-inch-2-5k-100-srgb
44712944,Laptop cũ Dell Inspiron 5410 2in1 Core i5-1135G7 | 16GB | 512GB | 14 inch FHD Cảm ứng,Dell,Laptop,Xoay gập,Cũ,6 Tháng,Intel Core i5-1135G7,16GB DDR4,512GB NVMe,Intel Graphics,14inch FHD Cảm ứng,18280000,23860000,no,0,https://laptoptv.vn/laptop-cu-dell-inspiron-5410-2in1-cam-ung-core-i5-1135g7-16gb-512gb-man-hinh-14-inch-fhd-xoay-gap-360-do-cam-ung
44712738,Laptop cũ Gaming Asus TUF F17 Core i5-11260H | 16GB | 512GB | RTX 3050TI | 17 inch FHD 144hz,Asus,Laptop,Gaming,Cũ,6 Tháng,Intel Core i5-11260H,8GB DDR4,512GB NVMe PCIe,NVIDIA RTX 3050TI,17 inch FHD 144Hz,18460000,21980000,no,0,https://laptoptv.vn/asus-tuf-f17-core-i5-11260h-8gb-512gb-rtx-3050ti
44712763,[New100%] Laptop Dell Vostro 5630 Core i5-1340P | 16GB | 512GB | 16 inch FHD+,Dell,Laptop,Văn phòng,Mới,12 Tháng,Intel Core i5,16GB,512GB,Intel Graphics,,18480000,21990000,no,0,https://laptoptv.vn/new100-laptop-dell-vostro-5630-core-i5-1340p-16gb-512gb-16-inch-fhd
44712778,[Like New]Dell XPS 9310 2in1 Core i7-1165G7 | 16GB | 512GB | 13 inch FHD+ Cảm ứng,Dell,Laptop,Xoay gập,Likenew,6 Tháng,Intel Core i7,16GB,512GB,Intel Graphics,13.3 inch,18580000,25990000,no,0,https://laptoptv.vn/laptop-cu-cao-cap-dell-xps-9310-2in1-cam-ung-core-i7-1165g7-16gb-512gb-man-hinh-13-inch-fhd
44712673,[New100%] Laptop HP ENVY 15 x360 Core i5-1235U | 16GB | 512GB | 16inch FHD Cảm ứng,HP,Laptop,Xoay gập,Mới,12 Tháng,Intel Core i5-1235U,8GB DDR4,256GB NVMe PCIe,Intel Iris Xe Graphics,15.6 inch FHD Cảm ứng,18580000,20680000,no,0,https://laptoptv.vn/hp-envy-15-x360-cam-ung-core-i5-1235u-8gb-256gb
44712671,[New100%] Laptop HP Envy 14 x360 2024 Ryzen 7- 8840HS | 16GB | 1TB | 14 inch FHD+ Cảm ứng,HP,Laptop,Xoay gập,Mới,12 Tháng,Ryzen 7 8840HS,16GB DDR5,1TB SSD NVMe,Radeon graphics,14 inch FHD+,18590000,24880000,no,0,https://laptoptv.vn/hp-envy-x360-2in1-2024-14-ryzen-7-8840hs-16gb-1tb-fhd-cam-ung
89469732,[Like new]  Dell Latitude 7440 2in1 Core i7-1365U | Ram 16GB | SSD 512GB | 14.0 inch FHD Touch,,,?,Likenew,6 Tháng,i7-1365U,,,Iris Xe,14.0 inch FHD Touch,18680000,23480000,no,0,https://laptoptv.vn/like-new-dell-latitude-7440-2in1-core-i7-1365u-ram-16gb-ssd-512gb-14-0-inch-fhd-touch
74148161,[Like New] Dell Latitude 9420 2in1 Core i7-1185G7 | 32GB | 512GB | 14 inch 2K,Dell,Laptop,Xoay gập,Likenew,6 Tháng,Intel Core i7-1185G7,16GB DDR4,256GB NVMe,Intel Graphics,14 inch,18680000,23980000,no,0,https://laptoptv.vn/like-new-dell-latitude-9420-2in1-core-i7-1185g7-32gb-512gb-14-inch-2k
44713083,[New100%] Samsung Galaxy Book 3 X360 Core I5-1340P | 8GB | 512GB | 13.3 inch AMOLED,Samsung,Laptop,Xoay gập,Mới,12 Tháng,intel Core i5-1340P,8GB DDR5,512GB Nvme,onboard,13 inch,18680000,21680000,no,0,https://laptoptv.vn/new100-samsung-galaxy-book-3-x360-core-i5-1340p-8gb-512gb-man-hinh-13-3-inch-amoled
44712714,[Like New] Acer Nitro 5 Tiger Core i5-12500H | 16GB | 512GB | RTX 3050TI | 15.6 inch FHD 165Hz,Acer,Laptop,Gaming,Likenew,6 Tháng,Intel Core i5 - 12500H,16GB DDR4,512GB NVMe PCIe,NVIDIA RTX 3050TI,15.6 inch FHD 165Hz,18680000,21560000,yes,2,https://laptoptv.vn/acer-nitro-5-tiger-core-i5-12500h-16gb-512gb-3050-165hz
60357503,[New100%] Lenovo Lecoo 14 N155C 2025 Core I5-13420H | Ram 16G | SSD 1TB | 14inch 2.2K 60Hz,Lenovo,Laptop,Laptop,Mới,12 Tháng,Intel Core i7-14650HX,16GB DDR5 5600 MHz,1T PCle,UHD Graphics,14 inch 2.2K,18790000,18690000,no,0,https://laptoptv.vn/new100-lenovo-lecoo-14-n155c-2025-core-i5-13420h-ram-16g-ssd-1tb-14inch-2-2k-60hz
44712757,Laptop cũ Dell Inspiron 14 7435 2in1  Ryzen7-7730U | 16GB | 1TB |  14 inch FHD Cảm ứng,Dell,Laptop,Xoay gập,Cũ,6 Tháng,,16GB,1TB,Intel Graphics,14 inch,18790000,21790000,no,0,https://laptoptv.vn/laptop-cu-cao-cap-dell-inspiron-14-7435-2in1-cam-ung-ryzen7-7730u-16gb-1tb-xoay-ga-p-360-do-man-hinh-14-inch-fhd
73581363,HP OMEN 16-B0004T | Core i7-11800H | 16GB | 512GB | RTX 3050Ti | 16.1 FHD,HP,Laptop,Gaming,Mới,12 Tháng,Core i7-11800H,16GB DDR4,512GB M.2 NVMe,RTX 3050Ti,16 inch FHD,18880000,0,no,0,https://laptoptv.vn/hp-omen-16-b0004t-core-i7-11800h-16gb-512gb-rtx-3050ti-16-1-fhd
44712678,Laptop cũ Dell Gaming G15 5511 Core i7-11800H | 8GB | 512GB | RTX 3050TI | 15.6 inch 165Hz,Dell,Laptop,Gaming,Cũ,6 Tháng,Intel Core i7-11800H,16GB DDR4,512GB M.2 PCIe NVMe,NVIDIA RTX 3060 6GB,15.6 inch FHD 165Hz,18880000,22690000,no,0,https://laptoptv.vn/dell-gaming-g15-5511-core-i7-11800h-16gb-512gb-3060-15-6-inch-165hz
44712668,[Like New] Laptop Dell Latitude 9430 2in1 Core i7-1265U | 16GB | 256GB | Iris Xe Graphic | 14 inch 2K Cảm ứng,Dell,Laptop,Xoay gập,Likenew,6 Tháng,Intel Core I7 1265U,16G DDR5 bus 5200,256GB SSD NVMe,Intel Iris Xe Graphics,14 inch 2.2K Cảm ứng,18880000,24580000,yes,3,https://laptoptv.vn/dell-latitude-9430-2in1-core-i7-1265u-16gb-256gb-14-inch-2k-cam-ung
59237558,Laptop cũ Dell Precision 7550 Xeon W-10855M | 16GB | 512GB | RTX 3000| 15.6 inch FHD,Dell,Laptop,Đồ hoạ,Cũ,6 Tháng,Xeon W-10855M,16GB,512GB NVMe PCIe,NVIDIA RTX 3000,15.6 inch FHD,18890000,24600000,no,0,https://laptoptv.vn/laptop-cu-dell-precision-7550-xeon-w-10855m-32gb-512gb-rtx-3000-15-6-inch-fhd
44712878,[New100%] Laptop HP Envy 14 x360 2024 Core 7-150U | 16GB | 512GB | 14inch FHD+ Cảm ứng,HP,Laptop,Xoay gập,Mới,12 Tháng,Intel Core 7 150U,16GB DDR5#,512 SSD NVMe,Intel Graphics,14inch FHD+,18890000,24980000,no,0,https://laptoptv.vn/new100-laptophp-envy-x360-2in1-2024-14-core-7-150u-16gb-ssd-512-iris-xe-graphics-fhd-cam-ung
44712699,Laptop cũ Acer Nitro 5 AN515-57 Core i7-11800H | 8GB | 512GB | RTX3050TI | 15.6 inch FHD,Acer,Laptop,Gaming,Cũ,6 Tháng,Intel Core i7 - 11800H,8GB DDR4,512GB NVMe PCIe,NVIDIA RTX3050TI,15.6 inch FHD,18890000,21560000,no,0,https://laptoptv.vn/acer-nitro-5-an515-57-core-i7-11800h-8gb-512gb-rtx3050ti
44712674,[New100%] Laptop HP Envy x360 2024 16 Core Ultra 5- 125U | 16GB | 512GB | 16 inch FHD+ Cảm ứng,HP,Laptop,Xoay gập,Mới,12 Tháng,Intel® Core™ Ultra 5 125U,16GB DDR5,512 GB NVMe,Iris Xe Graphics,16 inch FHD+,18890000,25990000,no,0,https://laptoptv.vn/hp-envy-x360-2in1-2024-16-core-ultra-5-125u-16gb-512gb-iris-xe-graphics-fhd-cam-ung
44712590,[New 100%] Laptop HP Victus 15-fa1093dx Core i5-13420H | 8GB | 512GB | RTX 3050 6GB | 15.6 inch FHD 120Hz,HP,Laptop,Gaming,Mới,12 Tháng,Intel Core i5-13420H,8GB DDR4,256GB NVMe PCIe,NVIDIA RTX 3050 6GB,15.6 inch FHD,18890000,20780000,no,0,https://laptoptv.vn/hp-victus-15-fa1093dx-core-i5-13420h-8gb-512gb-3050-6gb
89729272,[New] Lenovo Lecoo Air 14 N140A (2026) (Ai) | Core 5-315 | 12GB | 512GB | 14.0 inch  FHD+,Lenovo,Laptop,Laptop,Mới,12 Tháng,Core 5-315,12GB,512GB,Intel Graphics,14.0 inch FHD+,18980000,0,no,0,https://laptoptv.vn/new-lenovo-lecoo-air-14-n140a-2026-ai-core-5-315-12gb-512gb-14-0-inch-fhd
60353529,[New 100%] Laptop Lenovo Thinkbook 14 G7 Ryzen 7-8845H | 16GB | 1TB | 14.0 2K+ IPS 120Hz,Lenovo,Laptop,Laptop,Mới,12 Tháng,Ryzen 7-8845H,16GB LPDDR5x,M.2 NVMe 1TB,AMD Radeon™ 780M,14.0 inch 2K+ IPS 120Hz,18980000,23890000,no,0,https://laptoptv.vn/new-100-laptop-lenovo-thinkbook-14-g7-ryzen-7-8845h-16gb-1tb-14-0-2k-ips-120hz
44728167,[New 100%] Laptop HP 15-FD1870TU UItra 7-155H | 16GB | 512GB | 15.6 inch FHD,HP,Laptop,Cao cấp,Mới,12 Tháng,intel Core Ultra 7-155H,16GB DDR5,512GB Nvme,onboard,15 inch,18980000,24980000,no,0,https://laptoptv.vn/new-100-laptop-hp-15-fd1870tu-uitra-7-155h-16gb-512gb-15-6-inch-fhd
44712801,[Likenew] Laptop Dell XPS 9320 Core i5-1240P | 8GB | 256GB | 13.3 inch FHD+ IPS,Dell,Laptop,Cao cấp,Likenew,6 Tháng,intel Core i5-1240P,8GB DDR4,256GB SSD NVMe PCIe,Intel Graphics,13.3 inch FHD,19180000,30980000,no,0,https://laptoptv.vn/likenew-laptop-dell-xps-9320-core-i5-1240p-8gb-256gb-13-3-inch-fhd-ips
57947780,[New 100%] Dell Inspiron 14 7440R-R3605L - Intel Core i5-13420H | 16GB | 1TB | 14 inch 2K,Dell,Laptop,Cao cấp,Mới,12 Tháng,Intel Core i7-13620H,16GB 5200MHz DDR5,1TB NVMe PCIe,Intel Iris Xe Graphics,14inch 2K,19280000,21880000,no,0,https://laptoptv.vn/new-100-dell-inspiron-14-plus-7440r-r3605l-intel-core-i5-13420h-16gb-1tb-14-inch-2k
44712722,[New 100%] Laptop Dell Inspiron 7620 Plus Core i7-12700H | 40GB | 1TB | Iris Xe Graphics | QHD+ 3K,Dell,Laptop,Cao cấp,Mới,12 Tháng,intel Core i7-12700H,40GB DDR5,1TB M.2 PCIe NVMe,Iris Xe Graphics,16 inch QHD+ 3K,19380000,28600000,no,0,https://laptoptv.vn/dell-inspiron-7620-plus-core-i7-12700h-40gb-1tb-qhd-3k
55484306,[Like New] Dell Latitude  7440 i7- 1365U | 32GB | 512GB | 14 inch 2.5K Touch,Dell,Laptop,Laptop,Likenew,6 Tháng,Intel Core i7-1365U,32GB DDDR5,512GB NVMe,Intel Graphics,14 inch 2.5K Touch,19480000,25690000,no,0,https://laptoptv.vn/laptop-cu-dell-latitude-7440-i7-1365u-32gb-512gb-14-inch-fhd
44712782,[New100%] Dell Inspiron 16 Plus 7630 Core i7-13620H | 16GB | 1TB | 16 inch 2.5K,Dell,Laptop,Cao cấp,Mới,12 Tháng,Intel Core i7,16GB,1TB,Intel Graphics,,19490000,24490000,no,0,https://laptoptv.vn/dell-inspiron-16-plus-7630-core-i7-13620h-16gb-1tb-man-hinh-16-inch-2-5k
47987911,[New 100%] Dell Inspiron 7430 Plus | Core i7-13620H | 16GB | 1TB | 14 inch 2.5K,Dell,Laptop,Cao cấp,Mới,12 Tháng,Intel Core i7-13620H,16GB LPDDR5 4800MHz,1 TB PCIe NVMe,Intel® Graphics,14 inch 2.5K,19590000,24280000,no,0,https://laptoptv.vn/new-100-dell-inspiron-7430-plus-core-i5-13420h-16gb-1tb-14-inch-2-5k-1
44712781,[Like New] Dell XPS 9310 2in1 Core i7-1165G7 | 16GB | 512GB | 13 inch 4K Cảm ứng,Dell,Laptop,Xoay gập,Likenew,6 Tháng,Intel Core i7,16GB,512GB  NVMe PCIe,Intel Graphics,13.3 inch 4K Cảm ứng,19680000,25990000,no,0,https://laptoptv.vn/laptop-cu-dell-xps-9310-2in1-core-i7-1165g7-16gb-512gb-13-inch-4k-cam-ung
44712898,Laptop cũ Asus TUF A15 Ryzen 5-5600H | 16GB | 512G | RTX 3050TI | 15.6 inch FHD 144Hz,Asus,Laptop,Gaming,Cũ,6 Tháng,AMD Ryzen 5-5600H,16GB DDR4,512GB NVMe,RTX 3050Ti,15.6 inch 144Hz,19750000,22750000,no,0,https://laptoptv.vn/asus-tuf-a15-ryzen-5-5600h-16gb-512g-rtx-3050ti-man-hinh-15-6-inch
57767599,[New 100%] Laptop Dell Inspiron 7440 2in1 Core 5-120U | 16GB | 512GB | 14 inch FHD Cảm ứng,Dell,Laptop,Xoay gập,Mới,12 Tháng,Intel Core 5-120U,16GB DDR4,512GB NVMe,Intel® Graphics,14 inch FHD Cảm ứng,19880000,21990000,yes,7,https://laptoptv.vn/new-100-laptop-dell-inspiron-7440-2in1-core-5-120u-16gb-512gb-14-inch-fhd-cam-ung
57714363,[New 100%] Laptop Dell Inspiron 5441 Snapdragon X Plus X1P-64-100 | 16GB | 1TB | 14 inch FHD+ Windows 11,Dell,Laptop,Cao cấp,Mới,12 Tháng,X Plus X1P-42-100 (30M Cache),16GB DDR5,1TB Nvme,Qualcomm Adreno,14 inch FHD+,19880000,23460000,no,0,https://laptoptv.vn/new-100-laptop-dell-inspiron-5441-snapdragon-x-plus-x1p-64-100-16gb-1tb-14-inch-fhd-windows-11
44712679,[New100%] Laptop Samsung Galaxy Book 4 Core 7-150U | 16GB | 512GB | 15.6 inch FHD OLED,Samsung,Laptop,Cao cấp,Mới,12 Tháng,Intel Core 7-150U,16G LPDDR5 6400MHz,512GB NVMe PCIe,Iris Xe Graphic,15.6 inch FHD OLED,19880000,24990000,no,0,https://laptoptv.vn/samsung-galaxy-book-4-core-7-150u-16gb-lpddr5-512gb-fhd-oled
45407824,[New100%] Laptop HP Envy 14 x360 2024 Core 7-150U | 16GB | 512GB | 14inch FHD+ Cảm ứng,HP,Laptop,Xoay gập,Mới,12 Tháng,Intel Core 7 150U,16GB DDR5#,512 SSD NVMe,Intel Graphics,14inch FHD+,19890000,24980000,no,0,https://laptoptv.vn/new100-laptophp-envy-x360-2in1-2024-14-core-7-150u-16gb-ssd-512-iris-xe-graphics-fhd-cam-ung-1
44713029,[Like New] Dell Precision 5560 Core i7-11800H | 16GB | 512GB | T1200 | 15.6 inch FHD,Dell,Laptop,Đồ hoạ,Likenew,6 Tháng,Intel Core i7-11800H,16GB DDR4,512GB NVMe,Quardo T1200,15 inch FHD,19890000,23660000,no,0,https://laptoptv.vn/laptop-cu-dell-precision-5560-core-i7-11800h-16gb-512gb-t1200
44712970,[Like new] Dell Gaming G15 5520 Core i7-12700H | 8GB  | 512GB | RTX 3050 | 15.6 inch FHD FHD 120Hz,Dell,Laptop,Gaming,Likenew,6 Tháng,Intel Core i7-12700H,8GB DDR4,512GB NVMe,RTX 3050,15.6 inch FHD 120Hz,19890000,26880000,no,0,https://laptoptv.vn/like-new-dell-gaming-g15-5520-core-i7-12700h-8gb-512gb-rtx-3050-15-6-inch-fhd-fhd-120hz
44712930,[New 100%] Laptop Dell Inspiron 5620 Core i7-1260P | 16GB | 512GB | 16 inch FHD+,Dell,Laptop,Văn phòng,Mới,12 Tháng,Intel Core i7-1260P,16GB DDR4,512GB NVMe,Intel Graphics,16 inch FHD+,19890000,23980000,no,0,https://laptoptv.vn/new-100-laptop-dell-inspiron-5620-core-i7-1260p-16gb-512gb-man-hinh-16-inch-fhd
44712833,[New 100%] Laptop HP Envy 14 2in1 2023 Core i7-1355U | 16GB | 1TB | 14 inch FHD Cảm ứng,HP,Laptop,Xoay gập,Mới,12 Tháng,intel Core i7-1355U,16GB DDR5,M.2 NMVe 1TB,Intel Graphics,"14"" FHD Cảm ứng",19890000,22990000,no,0,https://laptoptv.vn/new-100-laptop-hp-envy-14-2in1-2023-cam-ung-core-i7-1355u-16gb-1tb-xoay-ga-p-360
88844662,Lenovo Xiaoxin 14C AHP10 | Ryzen 7-8745HS | 16GB | 512GB | 14.0 inch FHD IPS | Radeon 780M | Win 11,Lenovo,Laptop,Laptop,Mới,12 Tháng,Ryzen 7-8745HS,16GB,512GB,Radeon 780M,14.0 inch FHD IPS,19980000,0,no,0,https://laptoptv.vn/lenovo-xiaoxin-14c-ahp10-ryzen-7-8745hs-16gb-512gb-14-0-inch-fhd-ips-radeon-780m-win-11
44712718,[New 100%] Laptop Dell Inspiron 14 7440 Plus Core i5-12450H | 16GB | 512GB | 14 inch FHD,Dell,Laptop,Cao cấp,Mới,12 Tháng,Intel Core i5-12450H,16GB 5200MHz DDR5,512GB Nvme,Intel Iris Xe Graphics,14.0″ FHD (1920×1200) WVA Cảm ứng,19980000,22880000,yes,0,https://laptoptv.vn/dell-inspiron-7440-plus-core-i5-12450h-16gb-512gb-14-inch-fhd
44712785,[New100%] Laptop Lenovo LOQ 2024 15IAX9 83GS001RVN Core i5-12450HX | 12GB | 512GB | RTX 3050 6GB | 15.6 inch FHD 144Hz,Lenovo,Laptop,Gaming,Mới,12 Tháng,Intel core i5-12450HX,12GB DDR4,512GB NVMe,Nvidia RTX 3060,15 inch,19990000,20890000,yes,-1,https://laptoptv.vn/new100-laptop-lenovo-loq-2024-15iax9-83gs001rvn-core-i5-12450hx-12gb-512gb-rtx-3050-6gb-15-6-fhd-144hz
44712736,Laptop Gaming Asus TUF Dash F15 Core i7-12650H 15.6 inch FHD,Asus,Laptop,Gaming,Mới,12 Tháng,Intel Core i7-12650H,16GB DDR4,512GB M.2 PCIe NVMe,NVIDIA RTX 3060,15.6 inch FHD,19990000,30990000,no,0,https://laptoptv.vn/asus-tuf-dash-f15-core-i7-12650h-16gb-512gb-rtx-3060
44712670,Laptop cũ HP ENVY 13 x360  Core i7-1195G7 | 8GB | 256GB | 13 inch FHD Cảm ứng,HP,Laptop,Xoay gập,Cũ,6 Tháng,Intel Core i7-1195G7,8GB DDR4,256GB NVMe PCIe,Intel Iris Xe Graphics,13 inch FHD Cảm ứng,20090000,26099999,no,0,https://laptoptv.vn/hp-envy-13-x360-cam-ung-core-i5-1135g7-8gb-256gb
86955656,[New 100%] Laptop Dell Inspiron 7445 2in1 Ryzen 5 - 8640HS | 8GB | 512GB | AMD Radeon Graphics | 14 inch FHD+ Touch,Dell,Laptop,Xoay gập,Mới,12 Tháng,AMD Ryzen™ 5 8640HS,,512GB M.2 PCIe NVMe Solid State Drive,AMD Radeon™ Graphics,14.0-inch 16:10 FHD+ (1920 x 1200) Touch 250nits WVA Display with ComfortView Support,20380000,22690000,no,0,https://laptoptv.vn/new-100-laptop-dell-inspiron-7445-2in1-ryzen-5-8640hs-8gb-512gb-amd-radeon-graphics-14-inch-fhd-touch
56317627,[New 100%] Dell 14 Plus 2in1 DB14255 CPU Ryzen AI 5 340 | 16GB | 512GB | 14 inch FHD+ Cảm ứng,Dell,Laptop,Cao cấp,Mới,12 Tháng,Ryzen AI 5 340,16GB LPDDR5,512GB NVMe PCIe,AMD Radeon 840M,14 inch FHD+ Cảm ứng,20480000,24280000,no,0,https://laptoptv.vn/new-100-dell-14-plus-2in1-db14255-cpu-ryzen-ai-5-340-16gb-512gb-14-inch-fhd-cam-ung
44713032,[Like New] Dell Precision 5550 Core i7-10850H [10750H] | 32GB | 512GB | T2000 | 15.6 inch FHD,Dell,Laptop,Đồ hoạ,Likenew,6 Tháng,Intel Core i7-10850H,32GB DDR4,512GB NVMe,Intel Graphics,15.6 inch FHD,20480000,22180000,no,0,https://laptoptv.vn/laptop-cu-do-hoa-dell-precision-5550-core-i7-10850h-32gb-512gb-t2000
44712789,[New 100%] Laptop HP 15-FD1850TU UItra 7-155H | 16GB | 512GB | 15.6 inch FHD,HP,Laptop,Cao cấp,Mới,12 Tháng,UItra 7-155H,16GB DDR4,512GB SSD NVMe PCIe,Intel Graphics,15.6 inch FHD,20480000,24980000,no,0,https://laptoptv.vn/new-100-laptop-hp-15-fd1850tu-uitra-7-155h-16gb-512gb-15-6-inch-fhd
44712691,[Like new] Dell Precision 7560 Core i7- 11800H | 32GB | 512GB |  T1200 | 15.6 inch FHD,Dell,Laptop,Đồ hoạ,Likenew,6 Tháng,Intel Core I7-11850H,16GB DDR4 3200Mhz,512GB NVMe PCIe,Quardo T1200,15.6 inch FHD,20480000,33690000,no,0,https://laptoptv.vn/dell-precision-7560-core-i7-11850h-32gb-512gb-a3000-6gb
44712794,[New 100%]  Laptop Dell Inspiron 16 Plus 7630 Core i7-13700H | 32GB | 1TB | 16 inch 2.5K,Dell,Laptop,Cao cấp,Mới,12 Tháng,intel Core i7-13700H,32GB DDR5,1TB PCIe NVMe,Iris XE Graphics,16 inch 2.5K,20490000,25490000,no,0,https://laptoptv.vn/dell-inspiron-16-plus-7630-core-i7-13700h-32gb-1tb-man-hinh-16-inch-2-5k
62021664,[New100%] Lenovo Ideapad Slim 3 15 2025 AMD Zyzen 7-8745HS | 16GB | 512GB | 15.1 inch 2K+ OLED 165Hz,Lenovo,Laptop,Cao cấp,Mới,12 Tháng,AMD Ryzen 7-8745HS,16GB DDR4,512GB Nvme,onboard,,20690000,23660000,no,0,https://laptoptv.vn/new100-lenovo-ideapad-slim-3-15-2025-amd-zyzen-7-8745hs-16gb-512gb-15-1-inch-2k-oled-165hz
55954376,[Like New] Laptop Dell Latitude 9430 2in1 Core i7-1265U | 32GB | 256GB | Iris Xe Graphic | 14 inch 2K Cảm ứng,Dell,Laptop,Xoay gập,Likenew,6 Tháng,Intel Core I7 1265U,32GB DDDR5,256GB SSD NVMe,Intel Iris Xe Graphics,14 inch 2.2K Cảm ứng,20880000,27580000,yes,3,https://laptoptv.vn/like-new-laptop-dell-latitude-9430-2in1-core-i7-1265u-32gb-256gb-iris-xe-graphic-14-inch-2k-cam-ung
45084549,[Like new] Dell Gaming G15 5530 2023 Core i5-13450HX | 16GB | 512GB | RTX 3050 6GB | 15.6 inch FHD 120Hz,Dell,Laptop,Laptop,Likenew,6 Tháng,intel core i5- 13450HX,16GB,512GB,,15 inch,20880000,24990000,no,0,https://laptoptv.vn/like-new-dell-gaming-g15-5530-2023-core-i5-13450hx-16gb-512gb-rtx-3050-6gb-15-6-inch-fhd-120hz
44712928,[New 100%] Laptop Dell Inspiron 7430 2in1 Core i7-1355U | 16GB | 1TB | 14 inch FHD Cảm ứng,Dell,Laptop,Xoay gập,Mới,12 Tháng,Intel Core i7-1355U,16GB DDR4,1TB NVMe,Intel Graphics,14 inch FHD Cảm ứng,20880000,25890000,no,0,https://laptoptv.vn/new-100-laptop-dell-inspiron-7430-2in1-cam-ung-core-i7-1355u-16gb-1tb-xoay-ga-p-360-man-hinh-14-inch-fhd-touch
44712911,[New 100%] Laptop Asus Zenbook 14 Q420 Core i7-13700H | 16GB | 512GB | 14.5 inch 2.8K OLED 120Hz,Asus,Laptop,Cao cấp,Mới,12 Tháng,Intel Core i7-13700H,16GB DDR4,512GB NVMe,Intel Graphics,14.5 inch 2.8K OLED,20880000,27680000,no,0,https://laptoptv.vn/asus-zenbook-14-q420-i7-13700h-16gb-512gb-14-5-inch-2-8k-oled-120hz
44712861,[Like New] Acer Nitro 5 AN515-57 Core i9-11900H | 16GB | 512GB | RTX 3050 | 15.6 inch FHD 144hz,Acer,Laptop,Gaming,Likenew,6 Tháng,intel Core i9-11900H,16GB DDR4,512GB SSD NVMe PCIe,NVIDIA RTX3050,15.6 inch FHD,20880000,23799000,no,0,https://laptoptv.vn/laptop-cu-gaming-acer-nitro-5-an515-57-core-i9-11900h-16gb-512gb-rtx3050-2-5k-165hz
73098730,[Likenew] Laptop Dell XPS 9315 Core i7-1250U | 16GB | 512GB | 13.4 inch FHD +,Dell,Laptop,Cao cấp,Likenew,6 Tháng,Intel Core i7,32GB,1TB,Intel Graphics,13.3 inch,20980000,34980000,no,0,https://laptoptv.vn/likenew-laptop-dell-xps-9315-core-i7-1250u-16gb-512gb-13-4-inch-fhd
59237314,Laptop cũ Dell Precision 7550 Core™ i7-10850H | 32GB | 512GB | RTX 3000| 15.6 inch FHD,Dell,Laptop,Đồ hoạ,Cũ,6 Tháng,Intel Core i7-10750H,16GB,512GB NVMe PCIe,NVIDIA RTX 3000,15.6 inch FHD,20980000,29600000,no,0,https://laptoptv.vn/laptop-cu-dell-precision-7550-core-i7-10850h-32gb-512gb-rtx-3000-15-6-inch-fhd
44712748,[New 100%] Laptop Lenovo Yoga 7 2in1 2024 Ryzen 5-8640HS | 8GB | 512GB | 14 inch FHD Touch,Lenovo,Laptop,Xoay gập,Mới,12 Tháng,Integrated AMD Radeon™ 760M,8 GB LPDDR5-6400MHz,512 GB SSD M.2 2242 PCIe Gen4 TLC,onboard,14″ WUXGA (1920 x 1200),20980000,25900000,no,0,https://laptoptv.vn/lenovo-yoga-7-2in1-2024-ryzen-5-8640hs-ram-8gb-ssd-512gb-14-inch-fhd-touch
75458882,Acer Swift SFA14-77-5WU2 | Core 5-210H | 32GB | 1TB | 14.0 inch 2.2K IPS,Acer,Laptop,Laptop,Mới,12 Tháng,,,,,,21380000,25860000,no,0,https://laptoptv.vn/acer-swift-sfa14-77-5wu2-core-5-210h-32gb-1tb-14-0-inch-2-2k-ips
82728374,Laptop Asus Gaming Vivobook 16X K3605VC-RP431W Core I5 13420H | 16GB | 512GB | RTX 3050 4GB | 16 inch WUXGA 144Hz,Asus,Laptop,Laptop,Mới,12 Tháng,i5-13420H,16GB,512GB,RTX 3050 4GB,16 inch WUXGA 144Hz,21480000,27860000,no,0,https://laptoptv.vn/laptop-asus-gaming-vivobook-16x-k3605vc-rp431w-core-i5-13420h-16gb-512gb-rtx-3050-4gb-16-inch-wuxga-144hz
44712945,Laptop cũ Dell Inspiron 5410 2in1 Core i7-1195G7 | 16GB | 512GB | 14 inch Cảm ứng,Dell,Laptop,Xoay gập,Cũ,6 Tháng,Intel Core i7-1195G7,16GB DDR4,512GB NVMe,Intel Graphics,14 inch FHD Cảm ứng,21480000,25860000,no,0,https://laptoptv.vn/laptop-cu-dell-inspiron-5410-2in1-cam-ung-core-i7-1195g7-16gb-512gb-14inch-xoay-ga-p-360
44712667,[Like new] Laptop Dell Latitude 9330 2in1 i7-1260U | 32GB | 512GB | 13.3 inch QHD,Dell,Laptop,Xoay gập,Likenew,6 Tháng,Intel Core i7-1260U,32GB LPDDR5 5200MHz,512GB Nvme,Intel Iris Xe Graphics,13.3 inch QHD,21480000,25990000,no,0,https://laptoptv.vn/dell-latitude-9330-2in1-i71260u-32gb-512gb-13-qhd
59350202,[Like New] Laptop Dell Latitude  7450 Core Ultra 7- 165U | 32GB | 512GB | 14 inch FHD,Dell,Laptop,Laptop,Likenew,6 Tháng,Intel Core Ultra 7- 165U,32GB DDDR5,512GB NVMe,Intel Graphics,14 inch FHD,21680000,27890000,no,0,https://laptoptv.vn/like-new-laptop-dell-latitude-7450-core-ultra-7-165u-32gb-512gb-14-inch-fhd
44712648,[Like New] Laptop Acer Nitro 5 Tiger AN515-58 Core i7-12700H | 16GB | 512GB | RTX 3060 | 15.6 inch FHD 165Hz | Led RGB,Acer,Laptop,Gaming,Likenew,6 Tháng,intel Core i7-12700H,16GB DDR4 3200 MHz,512GB NVMe PCIe,NVIDIA RTX3060,15.6 inch 2.5K 165Hz,21690000,26780000,no,0,https://laptoptv.vn/acer-nitro-5-tiger-an515-58-core-i7-12700h-16gb-512gb-15-6-2-5k-165hz-rtx-3060-led-rgb
44712652,[New 100%] Laptop HP Envy 14 2in1 2024 Ultra 7-155U | 16GB | 1TB | 14 inch FHD  Cảm ứng,HP,Laptop,Xoay gập,Mới,12 Tháng,Ultra 7-155U,16GB LPDDR5 6400Mhz,M.2 NMVe 1TB,Iris Xe Graphics,"14"" FHD Cảm ứng",21790000,26888000,no,0,https://laptoptv.vn/hp-envy-14-2in1-2024-cam-ung-ultra-7-155u-16gb-1tb-xoay-ga-p-360
44738559,[New100%] Lenovo Ideapad 5 Pro 14 | Xiaoxin Pro | Ryzen 7-8745H | RAM 24GB | SSD 1TB | Card Radeon 780M | Màn hình 14.0” 2.8K 120Hz Oled,Lenovo,Laptop,Cao cấp,Mới,12 Tháng,AMD Ryzen 7-8745H,24GB DDR4,1TB Nvme,onboard,14 inch 2.8K OLED,21880000,21890000,no,0,https://laptoptv.vn/lenovo-ideapad-pro-14-ryzen-7-8745h-ram-24gb-ssd-1tb-card-radeon-780m-man-hinh-14-0-2-8k-120hz-oled
44712752,Like new Lenovo Legion 5 Ryzen 7-5800HS | 16GB | 512GB | RTX 3050 4Gb| 15.6 inch,Lenovo,Laptop,Gaming,Likenew,6 Tháng,AMD Ryzen 7-5800HS,16GB DDR4,512GB NVMe,RTX 3060,15.6 Inch 2K 165Hz,21890000,29890000,no,0,https://laptoptv.vn/laptop-cu-gaming-lenovo-legion-5-ryzen-7-5800hs-16gb-512gb-rtx-3060-6gb-2k
44712681,[New100%] Laptop Dell Gaming G15 5525 Ryzen 7-6800H | 16GB | 512GB | 3050TI | 15.6 inch FHD 120Hz,Dell,Laptop,Gaming,Mới,12 Tháng,Ryzen 7-6800H,16GB DDR4,512GB M.2 PCIe NVMe,NVIDIA RTX 3050Ti 4GB,15.6 inch FHD 120Hz,21890000,28160000,no,0,https://laptoptv.vn/dell-gaming-g15-5525-ryzen-7-6800h-16gb-512gb
87234836,[New 100%] Acer Aspire S14-74-5WU1 Core 5-210H | 32GB | 1TB | 14.0 inch FHD+,Acer,Laptop,Laptop,Mới,12 Tháng,Core 5-210H,32GB,1TB,Intel Graphics,14.0 inch FHD+,21980000,0,no,0,https://laptoptv.vn/new-100-acer-aspire-s14-74-5wu1-core-5-210h-32gb-1tb-14-0-inch-fhd
80754772,[New 100%] Dell 16 Plus 2in1 DB06250 | Core Ultra 5 226V | 16GB | 512GB | 16 inch FHD+ Touch,Dell,Laptop,Laptop,Mới,12 Tháng,Core Ultra 5 226V,16GB,512GB,Arc Graphics,16 inch FHD+ Touch,21980000,25980000,no,0,https://laptoptv.vn/new-100-dell-16-plus-2in1-db06250-core-ultra-5-226v-16gb-512gb-16-inch-fhd-touch
44712910,[New 100%] Laptop Asus Zenbook 14 OLED Q425 2024 Core Ultra 7-155H | 16GB | 1TB | 14 inch FHD+ OLED Cảm ứng,Asus,Laptop,Cao cấp,Mới,12 Tháng,Intel Core Ultra 7-155H,16GB DDR5,1TB NVMe,Intel Graphics,14 inch OLED Cảm ứng,21980000,25990000,no,0,https://laptoptv.vn/asus-zenbook-14-oled-q425-2024-cam-ung-core-ultra-7-155h-16gb-1tb-14-inch-fhd-oled
46694179,[New100%] Lenovo Ideapad Pro 5 2024 Ryzen 5-8645HS | 16GB | 512GB |  RTX 3050 6GB | 16 inch OLED 120Hz 100% sRGB,Lenovo,Laptop,Cao cấp,Mới,12 Tháng,AMD Ryzen 5-8645HS,16GB DDR4,512GB Nvme,onboard,16 inch OLED 120Hz,21989000,29860000,no,0,https://laptoptv.vn/new100-lenovo-ideapad-pro-5-2024-ryzen-5-8645hs-16gb-512gb-rtx-3050-6gb-16-inch-oled-120hz-100-srgb
44712749,[New 100%] Laptop Lenovo Yoga 7 2in1 14IML9-83DJ0001US Ultra 5-125U | 16GB | 512GB | 14 inch FHD+,Lenovo,Laptop,Xoay gập,Mới,12 Tháng,,16GB,512GB,Intel Graphics,14 inch,21990000,23580000,no,0,https://laptoptv.vn/lenovo-yoga-7-2in1-14iml9-83dj0001us-ultra-5-125u-16-gb-512gb-14-inch-full-hd-cam-ung
89729511,[New 100%] Lenovo Xiaoxin Air 13 (2026) (Ai) | Core 5-320 | 16GB | 512GB | 13.3 inch 2.5K 120Hz,Lenovo,Laptop,Laptop,Mới,12 Tháng,Core 5-320,16GB,512GB,Intel Graphics,13.3 inch 2.5K 120Hz,22180000,25690000,no,0,https://laptoptv.vn/new-100-lenovo-xiaoxin-air-13-2026-ai-core-5-320-16gb-512gb-13-3-inch-2-5k-120hz
55783018,[New 100%] HP OmniBook 5 Flip 2in1 Core 7 150U | 16GB | 512GB | 14 inch FHD+ Touch | Glacier Silver,HP,Laptop,Xoay gập,Mới,12 Tháng,Core 7 150U,16GB,512GB NVMe PCIe,Intel Graphics,14 inch Cảm ứng,22180000,24980000,no,0,https://laptoptv.vn/new-100-hp-omnibook-5-flip-2in1-core-7-150u-16gb-512gb-14-inch-fhd-touch-glacier-silver
69636015,Laptop Dell 15 DC15250 | Intel Core i7-1355U | Ram 16GB | 1TB SSD | Intel UMA Graphics | 15.6 Inch FHD,Dell,Laptop,Cao cấp,Mới,12 Tháng,,,512GB,Intel Iris Xe Graphics,15.6 inch FHD,22190000,22680000,no,0,https://laptoptv.vn/laptop-dell-15-dc15250-intel-core-i7-1355u-ram-16gb-1tb-ssd-intel-uma-graphics-15-6-inch-fhd
60043724,[New 100%] Dell Inspiron Plus 14 7440F-3608L Intel Core 5 - 210H | 16GB | 512GB | 14 FHD,Dell,Laptop,Cao cấp,Mới,12 Tháng,Core 5- 210H,16GB 5200MHz DDR5,512GB Nvme,Intel Iris Xe Graphics,14inch FHD,22280000,25680000,no,0,https://laptoptv.vn/new-100-dell-inspiron-plus-14-7440f-3608l-intel-core-5-210h-16gb-512gb-14-fhd
57702279,[New100%] Dell INSPIRON 7640 Plus i5-13420H | 16GB | 1TB | 16inh FHD+,Dell,Laptop,Cao cấp,Mới,12 Tháng,Intel Core i5,16GB,512GB NVMe PCIe,Intel® UHD Graphics,,22280000,19980000,no,0,https://laptoptv.vn/new100-dell-inspiron-7640-plus-7640a-r1605l-i5-12450h-16gb-512gb-16inh-fhd
44712760,[New100%] Laptop Dell Vostro 5630 Core i7-1360P | 16GB | 512GB | 16 inch 2.5K,Dell,Laptop,Văn phòng,Mới,12 Tháng,intel Core i7-1360P,16GB DDR4,512GB NVMe,Intel Graphics,,22280000,26980000,no,0,https://laptoptv.vn/new100-laptop-dell-vostro-5630-core-i7-1360p-16gb-512gb-16-inch-2-5k
44712719,[New 100%] Laptop Dell Inspiron 7445 2in1 Ryzen 5 - 8640HS | 16GB | 512GB | AMD Radeon Graphics | 14 inch FHD+ Touch,Dell,Laptop,Xoay gập,Mới,12 Tháng,AMD Ryzen™ 5 8640HS,,512GB M.2 PCIe NVMe Solid State Drive,AMD Radeon™ Graphics,14.0-inch 16:10 FHD+ (1920 x 1200) Touch 250nits WVA Display with ComfortView Support,22390000,23690000,no,0,https://laptoptv.vn/new-100-laptop-dell-inspiron-7445-2in1-ryzen-5-8640hs-16gb-512gb-amd-radeon-graphics-14-inch-fhd-touch
44712680,Laptop cũ Dell Gaming G15 5515 Ryzen 7-5800H | 8GB | 256GB | 3050TI | 15.6 inch FHD,Dell,Laptop,Gaming,Cũ,6 Tháng,Ryzen 5-5600H,8 GBDDR4 3200 MHz,256 GB SSD NVMe PCIe,NVIDIA RTX 3050 TI 4GB,15.6 inch FHD 120Hz,22390000,25860000,no,0,https://laptoptv.vn/dell-gaming-g15-5515-ryzen-7-5800h-8gb-512-gb-3050ti
44712774,[Like New] Lenovo Legion 5 2021 (Y7000) Core i5-11400H | 16GB | 512GB | RTX 3050 | 15.6 inch FHD,Lenovo,Laptop,Gaming,Likenew,6 Tháng,Intel Core i5-11400H,16GB DDR4,512GB NVMe,Nvidia GTX 1650Ti,15.6 inch,22490000,25680000,no,0,https://laptoptv.vn/laptop-cu-gaming-lenovo-legion-y7000-2021-core-i5-11400h-16gb-512gb-rtx-3050-4gb-15-6-fhd
56426445,[New 100%] Laptop HP Victus 15-fb3093dx AMD Ryzen 7-7445HS| 16GB | 512GB | RTX 4050 6GB | 15.6 inch FHD 144Hz,HP,Laptop,Gaming,Mới,12 Tháng,AMD Ryzen 7 7445HS,8GB,512GB,,15.6 inch FHD 144hz,22580000,26890000,no,0,https://laptoptv.vn/new-100-laptop-hp-victus-15-fb3093dx-amd-ryzen-7-7445hs-16gb-512gb-rtx-4050-6gb-15-6-inch-fhd-144hz
77827969,[Like New] Laptop Dell Latitude  7450 Core Ultra 7- 165U | 32GB | 512GB | 14 inch 2.5K,Dell,Laptop,Laptop,Likenew,6 Tháng,Intel Core Ultra 7- 165U,32GB DDDR5,512GB NVMe,Intel Graphics,14 inch 2.5K,22680000,28890000,no,0,https://laptoptv.vn/like-new-laptop-dell-latitude-7450-core-ultra-7-165u-32gb-512gb-14-inch-2-5k
44712881,[New 100%] Laptop Lenovo Thinkbook 14 G7+ Ryzen AI 7 H 350 | 32GB | 1TB | 14.5 inch 3K 120Hz,Lenovo,Laptop,Laptop,Mới,12 Tháng,AMD Ryzen AI 7 H 350,32GB LPDDR5,1TB NVMe,AMD Radeon 860M,,22890000,25890000,no,0,https://laptoptv.vn/new-100-laptop-lenovo-thinkbook-14-g7-ryzen-ai-7-h-350-32gb-1tb-14-5inch-3k-120hz
72956775,[New 100%] Laptop ThinkBook 14 G8 IRL Core 7-240H | 16GB | 512GB | 14 inch FHD+ IPS,Lenovo,Laptop,Cao cấp,Mới,12 Tháng,Core 7-240H,16GB DDR5,512GB Nvme,onboard,14inch 2.5K,22980000,24690000,no,0,https://laptoptv.vn/new-100-laptop-thinkbook-14-g8-irl-core-7-240h-16gb-512gb-14-inch-fhd-ips
56318100,[New 100%] Dell 14 Plus 2in1 DB04255 CPU Ryzen AI 7 350 | 16GB | 1TB | 14 inch FHD+ Cảm ứng,Dell,Laptop,Cao cấp,Mới,12 Tháng,AMD Ryzen™ AI 7 350,16GB LPDDR5,1TB NVMe PCIe,AMD Radeon 840M,14 inch FHD+ Cảm ứng,22980000,32690000,no,0,https://laptoptv.vn/new-100-dell-14-plus-2in1-db14255-cpu-ryzen-ai-7-350-16gb-1tb-14-inch-fhd-cam-ung
66534721,[Like new] Dell AlineWare X14 R1 Core i7-12700H | 16GB | 1TB | 14.0 Inch FHD 144Hz | RTX 3050Ti,Dell,Laptop,Gaming,Likenew,6 Tháng,Intel Core i7-12700H,16GB DDR5,1TB NVMe,NVIDIA RTX 3050Ti,14.0 inch FHD 144Hz,22990000,35980000,no,0,https://laptoptv.vn/like-new-dell-alineware-x14-r1-core-i7-12700h-16gb-1tb-14-0-inch-fhd-144hz-rtx-3050ti
60220172,[Like New] Dell G16-7620 Core i7-12700H | 16GB | 512GB | | RTX 3060 | 16 inch  2.5K 165Hz,Dell,Laptop,Laptop,Likenew,12 Tháng,intel core i5- 13450HX,16GB,512GB  NVMe PCIe,RTX 3060,16 inch 2.5K 165Hz,22990000,26990000,no,0,https://laptoptv.vn/like-new-dell-g16-7620-core-i7-12700h-16gb-512gb-rtx-3060-16-inch-2-5k-165hz
56994680,[New100%] Lenovo Ideapad Slim 5 2025 | XiaoXin Pro 16C | Ryzen 7 H 255 | 24GB | 1TB | 16inch  2.8K OLED 120Hz,Lenovo,Laptop,Cao cấp,Mới,12 Tháng,AMD Ryzen 7 H 255,16GB DDR4,1TB M.2 PCIe NVMe,onboard,,23180000,26680000,no,0,https://laptoptv.vn/new100-lenovo-ideapad-slim-5-2025-xiaoxin-pro-16c-ryzen-7-h-255-24gb-1tb-14inch-2-8k-oled-120hz
57659161,[New 100%] Dell Pro 14 PC14250 2025 Core Ultra 5 235U | 8GB | 512G | 14 FHD+ Platinum Silver,Dell,Laptop,Cao cấp,Mới,12 Tháng,AMD Ryzen™ AI 7 350,16GB LPDDR5,1TB NVMe PCIe,Intel®™ Graphics,14 inch FHD+,23190000,26890000,no,0,https://laptoptv.vn/new-100-dell-pro-14-pc14250-2025-core-ultra-5-235u-8gb-512g-14-fhd-platinum-silver
44712897,[New 100%] Laptop Lenovo Thinkbook 14 G7+ Ultra 5-225H | 32GB | 1TB | 14.5 inch 3K 120Hz,Lenovo,Laptop,Laptop,Mới,12 Tháng,Core Ultra 5-225H,32GB LPDDR5,M.2 NMVe 1TB,Intel® Arc™ 130T,14.5 inch 3K 120Hz,23290000,26990000,no,0,https://laptoptv.vn/new-100-laptop-lenovo-thinkbook-14-g7-ultra-5-225h-32gb-1tb-14-5inch-3k-120hz
81089117,[Like New] Acer Predator PHN16-71-5606 Core i5-13500HX | 16GB | 512GB | RTX 4050 | 16 inch FHD,Acer,Laptop,Gaming,Likenew,6 Tháng,Intel Core i5-13500HX,16GB DDR5,512GB NVMe,NVIDIA RTX 4060 8GB,16 inch 2.5K,23490000,29980000,no,0,https://laptoptv.vn/like-new-acer-predator-phn16-71-5606-core-i5-13500hx-16gb-512gb-rtx-4050-8gb-16-inch-fhd
44712886,[New 100%] Laptop Lenovo Thinkbook 16 G7+ Ryzen AI 7 H 350H | 32GB | 1TB | 16 inch 3K+ 165Hz,Lenovo,Laptop,Laptop,Mới,12 Tháng,AMD Ryzen AI 7 H 350H,32GB DDR5,1TB NVMe,AMD Radeon 860M,16 inch 3K+ 165Hz,23490000,27890000,no,0,https://laptoptv.vn/new-100-laptop-lenovo-thinkbook-16-g7-ryzen-ai-7-h-350-32gb-1tb-16-0inch-3k-165hz
44712713,[Like New] Laptop Gaming Acer Nitro 5 Tiger AN515-58 Core i9-12900H | 16GB | 512GB | RTX 3060 | 15.6 inch 2.5K Led RGB,Acer,Laptop,Gaming,Likenew,6 Tháng,Intel Core i9-12900H,16GB DDR4,512GB NVMe PCIe,NVIDIA® GeForce RTX™ 3060 6GB GDDR6,15.6 inch 2.5K 165Hz,23680000,27990000,no,0,https://laptoptv.vn/like-new-laptop-gaming-acer-nitro-5-tiger-an515-58-core-i9-12900h-16gb-512gb-rtx-3060-15-6-inch-2-5k-led-rgb
56988301,[New 100%] Lenovo Yoga 7 2in1 14AHP9 | Ryzen 7-8840HS  | 16GB | 1TB | 14 inch FHD Touch,Lenovo,Laptop,Xoay gập,Mới,12 Tháng,Integrated AMD Radeon™ 760M,16GB LPDDR5-6400MHz,1TB,onboard,14″ WUXGA (1920 x 1200),23890000,28900000,no,0,https://laptoptv.vn/new-100-lenovo-yoga-7-2in1-14ahp9-ryzen-7-8840hs-16gb-1tb-14-inch-fhd-touch
46536098,[New 100%] Asus TUF A16 Ryzen 7-7735HS | 32GB | 1TB | RX7700S 8GB | 16 inch FHD+ 165Hz,Asus,Laptop,Gaming,Mới,12 Tháng,AMD Ryzen 7-7735HS,32GB DDR5,NVMe 1TB,AMD RX 7700S,16 inch FHD+ 165Hz,23890000,29750000,yes,0,https://laptoptv.vn/new-100-asus-tuf-a16-ryzen-7-7735hs-32gb-1tb-rx7700s-8gb-16-inch-fhd-165hz
44712784,[Likenew] Laptop Dell XPS 9315 Core i7-1250U | 32GB | 1TB | 13.3 inch FHD +,Dell,Laptop,Cao cấp,Likenew,6 Tháng,Intel Core i7,32GB,1TB,Intel Graphics,13.3 inch,23890000,34980000,no,0,https://laptoptv.vn/likenew-laptop-dell-xps-9315-core-i7-1250u-32gb-1tb-13-3-inch-fhd
77567429,[Like New] Dell XPS 9520 Core i7-12700H | 32GB | 512GB | RTX 3050 4GB | 15.6 inch FHD+,Dell,Laptop,Xoay gập,Likenew,6 Tháng,Core i7-12700H,32GB DDDR5,512GB NVMe PCIe,RTX 3050Ti,15.6 inch 3.5K,23980000,26380000,no,0,https://laptoptv.vn/like-new-dell-xps-9520-core-i7-12700h-32gb-512gb-rtx-3050-4gb-15-6-inch-fhd
44712798,[Likenew] Laptop Dell XPS 9320 Core i7-1270P | 16GB | 256G | 13.3 inch FHD+ IPS,Dell,Laptop,Cao cấp,Likenew,6 Tháng,intel Core i7-1270P,16GB DDR4,256GB SSD NVMe PCIe,Intel Iris Xe Graphics,13.3 inch FHD,23980000,31980000,no,0,https://laptoptv.vn/new-100-laptop-dell-xps-9320-core-i7-1270p-16gb-256g-man-hinh-13-3-inch-fhd-ips
44713026,[Like New] Dell Precision 5560 Core i7-11800H | 32GB | 512GB | T1200 | 15.6 inch 4K Cảm ứng,Dell,Laptop,Đồ hoạ,Likenew,6 Tháng,Intel Core i7-11800H,32GB DDR4,512GB Nvme,Quardo T1200,15.6 inch 4K Cảm ứng,24180000,29880000,no,0,https://laptoptv.vn/laptop-cu-dell-precision-5560-core-i7-11800h-32gb-512gb-t1200-4k-cam-ung
54409449,[New100%] HP OmniBook X Flip 2in1  Ryzen AI 5 340 | 16GB | 512GB | 14 inch FHD+ Touch | Meteor Silver,HP,Laptop,Xoay gập,Mới,12 Tháng,Ryzen AI 5 340,8GB DDR5,512GB NVMe PCIe,Intel Graphics,14 inch Cảm ứng,24280000,26980000,yes,8,https://laptoptv.vn/hp-omnibook-x-flip-2in1-ryzen-ai-5-340-16gb-512gb-14-inch-fhd-touch-meteor-silver
56711286,[Like New] Dell XPS 9520 Core i7-12700H | 32GB | 512GB | RTX 3050 4GB | 15.6 inch 3.5K OLED,Dell,Laptop,Xoay gập,Likenew,6 Tháng,Core i7-12700H,32GB DDDR5,512GB NVMe PCIe,RTX 3050Ti,15.6 inch 3.5K,24480000,26380000,no,0,https://laptoptv.vn/like-new-dell-xps-9520-core-i7-12700h-16gb-512gb-rtx-3050-4gb-15-6-inch-3-5k-oled
75458922,Acer Swift SFA14-77-7WU2 | Core 7-240H | 32GB | 1TB | 14.0 inch 2.2K IPS,Acer,Laptop,Laptop,Mới,12 Tháng,,,,,,24580000,26990000,no,0,https://laptoptv.vn/acer-swift-sfa14-77-7wu2-core-7-240h-32gb-1tb-14-0-inch-2-2k-ips
67419902,[PC] Dell Tower ECT1250 | Intel Core i7-14700 | RAM 16GB DDR5 | 1TB SSD | Intel Graphics,Dell PC,PC,PC,?,12 Tháng,Intel Core i7-14700,16GB DDR5,1TB SSD gpu_Intel Graphics,,,24590000,0,no,0,https://laptoptv.vn/pc-dell-tower-ect1250-intel-core-i7-14700-ram-16gb-ddr5-1tb-ssd-intel-graphics
44712729,Laptop Gaming cũ Acer Predator Triton 300 SE Core i7-11375H | 16GB | 512GB | RTX 3050Ti 4GB | 14 inch FHD,Acer,Laptop,Gaming,Cũ,6 Tháng,Intel Core i7-11375H,16GB DDR4,512GB M.2 PCIe NVMe,NVIDIA RTX 3050Ti 4GB,14 inch FHD,24590000,28190000,no,0,https://laptoptv.vn/acer-predator-triton-300-se-core-i7-11375h-16gb-512gb-3050ti
44713028,[Like New] Dell Precision 5560 Core i7-11800H | 32GB | 512GB | A2000 | 15.6 inch FHD,Dell,Laptop,Đồ hoạ,Likenew,6 Tháng,Intel Core i7-11800H,32GB DDR4,512GB NVMe,Quardo A2000,15.6 inch FHD Cảm ứng,24680000,29680000,no,0,https://laptoptv.vn/laptop-cu-dell-precision-5560-core-i7-11800h-32gb-512gb-a2000-man-hinh-15-6-inch-fhd-cam-ung
44712925,[New 100%] Laptop Dell Inspiron 7440 2in1 Core 7-150U | 16GB | SSD 1TB  | 14 inch FHD Cảm ứng,Dell,Laptop,Xoay gập,Mới,12 Tháng,Intel Core 7-150U,16GB DDR5,1TB NVMe,Intel® Graphics,14 inch FHD Cảm ứng,24680000,29900000,no,0,https://laptoptv.vn/new-100-laptop-dell-inspiron-7440-2in1-core-7-150u-16gb-ssd-1tb-14-inch-fhd-cam-ung
44712777,[New100%] Dell Inspiron 16 7640 2in1 Core Ultra 7-155H | 16GB | 1TB | 16 inch FHD Touch,Dell,Laptop,Cao cấp,Mới,12 Tháng,Intel Core i5,16GB,1TB,Intel Graphics,,24880000,27990000,no,0,https://laptoptv.vn/new100-dell-inspiron-16-7640-2in1-2024-core-ultra-7-155h-16gb-1tb-16-inch-fhd-touch
58640917,[Like New] Laptop Dell Latitude 9440 2in1 Core i7-1365U | 16GB | 512GB | 14 inch 2.5K Cảm ứng,Dell,Laptop,Xoay gập,Likenew,6 Tháng,Intel Core I7 1365U,16GB DDR4,512GB  NVMe PCIe,Intel Iris Xe Graphics,14 inch 2.5K Cảm ứng,24890000,30560000,no,0,https://laptoptv.vn/new-100-laptop-dell-latitude-9440-2in1-core-i7-1-365u-16gb-512gb-14-inch-2-5k-cam-ung
57801685,[New100%] HP OmniBook X Flip 2-in-1 14-fm0013dx 2025 Core Ultra 5 226V | 16GB | 512G | Intel Arc 130V | 14 icnh 2K Touch,HP,Laptop,Xoay gập,Mới,12 Tháng,Ryzen AI 7 350,16GB DDR5,512GB NVMe PCIe,Intel Graphics,14 inch 2K Cảm ứng,24990000,27890000,no,0,https://laptoptv.vn/new100-hp-omnibook-x-flip-2-in-1-14-fm0013dx-2025-core-ultra-5-226v-16gb-512g-intel-arc-130v-14-icnh-2k-touch
60354568,[New100%] Laptop Lenovo LOQ 2024 15ARP9 Ryzen 5-7235HS | 12GB | 512GB | RTX 4050 6GB | 15.6 inch FHD 144hz,Lenovo,Laptop,Gaming,Mới,12 Tháng,AMD Ryzen 5-7235HS,12GB DDR5,512GB NVMe,Nvidia Geforce RTX 4050,15.6 inch 144Hz,25190000,30990000,no,0,https://laptoptv.vn/new100-laptop-lenovo-loq-2024-15arp9-ryzen-5-7235hs-12gb-512gb-rtx-4050-6gb-15-6-inch-fhd-144hz
57705501,[New 100%] Laptop Dell Inspiron 14 7440 Plus Core i7-13620H | 16GB | 1TB | 14 inch FHD,Dell,Laptop,Cao cấp,Mới,12 Tháng,Intel Core i7-13620H,16GB 5200MHz DDR5,1TB NVMe PCIe,Intel Iris Xe Graphics,14.0″ FHD (1920×1200) WVA Cảm ứng,25280000,28480000,no,0,https://laptoptv.vn/new-100-laptop-dell-inspiron-14-7440-plus-core-i7-13620h-16gb-1tb-14-inch-fhd
55071332,[New 100%] Laptop Dell Inspiron 7445 2in1 Ryzen 7  - 8840HS | 16GB | 1TB | AMD Radeon Graphics | 14 inch FHD+ Touch,Dell,Laptop,Xoay gập,Mới,12 Tháng,AMD Ryzen™ 5 8840HS,8GB,1TB M.2 PCIe NVMe,AMD Radeon™ Graphics,14.0-inch 16:10 FHD+ (1920 x 1200) Touch 250nits WVA Display with ComfortView Support,25390000,28990000,yes,5,https://laptoptv.vn/new-100-laptop-dell-inspiron-7445-2in1-2024-ryzen-7-8840hs-16gb-1tb-amd-radeon-graphics-14-inch-fhd-touch
61065787,[Like new] Dell Precision 7560 Core i7- 11800H | 32GB | 512GB | RTX A3000 | 15.6 inch FHD,Dell,Laptop,Đồ hoạ,Likenew,6 Tháng,Core I7-11850H,32GB DDR4 3200MHZ,512GB NVMe PCIe,NVIDIA RTX A3000 6GB,15.6 inch FHD,25480000,33889999,no,0,https://laptoptv.vn/laptop-cu-dell-precision-7560-core-i7-11800h-32gb-512gb-rtx-a3000-15-6-inch-fhd
60481468,[New100%] HP Omnibook X Flip 16-as0023dx | Ultra 7 256V | Ram 16GB | SSD 1TB | Màn 16 FHD+ Touch,HP,Laptop,Xoay gập,Mới,12 Tháng,Core Ultra 7 256V,16GB DDR5,1TB NVMe PCIe,Intel Graphics,14 inch 2K Cảm ứng,25480000,29980000,no,0,https://laptoptv.vn/new100-hp-omnibook-x-flip-14-fm0023dx-2025-core-ultra-7-256v-16gb-1tb-intel-arc-140v-14-icnh-2k-touch
66535024,[Like New] Acer Predator PHN16-71-5606 Core i5-13500HX | 16GB | 512GB | RTX 4060 (8GB) | 16 inch 2.5K,Acer,Laptop,Gaming,Likenew,6 Tháng,Intel Core i5-13500HX,16GB DDR5,512GB NVMe,NVIDIA RTX 4060 8GB,16 inch 2.5K,25490000,32180000,no,0,https://laptoptv.vn/like-new-acer-predator-phn16-71-5606-core-i5-13500hx-16gb-512gb-rtx-4060-8gb-16-inch-2-5k
44712730,Laptop Gaming cũ Acer Predator Triton 500 SE Core I7-11800H | 16GB | 512GB | RTX 3060 | 16 inch 2K,Acer,Laptop,Gaming,Cũ,6 Tháng,Intel Core i7-11800H,16GB DDR4,512GB M.2 PCIe NVMe,NVIDIA RTX 3060,16 inch 2K,25490000,30590000,no,0,https://laptoptv.vn/acer-predator-triton-500-se-core-i7-11800h-16gb-512gb-3060
46690723,[New 100%] Acer Nitro V Ryzen 5 7535HS | 16GB | 512GB | 15.6 FHD 144hz | RTX 4050 6GB,Acer,Laptop,Gaming,Mới,12 Tháng,AMD Ryzen 5- 7535HS,16GB DDR5,512GB NVMe PCIe,NVIDIA RTX4050,15.6 inch 144Hz,25680000,29980000,no,0,https://laptoptv.vn/ref-acer-nitro-5-i7-13620h-16gb-512gb-rtx4060-8gb-15-6-inch-fhd-144hz
44712585,[New 100%] Dell Inspiron 7440F Plus 2025 Core 7-240H | 16G | 1TB | Iris Xe Graphics | 14 inch 2k | Ice Blue,Dell,Laptop,Laptop,Mới,,Intel Core 7-240H,16GB DDR5,1TB M.2 PCIe NVMe,Iris Xe Graphics,14'' QHD (2560x1440),25780000,26990000,no,0,https://laptoptv.vn/new-100-dell-inspiron-7440f-plus-2025-core-7-240h-16g-1tb-iris-xe-graphics-14-inch-2-5k-non-touchw11h-ice-blue
44712727,Laptop Gaming cũ Acer Predator Helios 300 Core i7-11800H | 16GB SSD | 512GB | RTX 3060 | 15.6 inch FHD 144Hz,Acer,Laptop,Gaming,Cũ,6 Tháng,Intel Core i7-11800H,16GB DDR4,512GB M.2 PCIe NVMe,NVIDIA RTX 3060,15.6 inch FHD,25790000,28190000,no,0,https://laptoptv.vn/acer-predator-helios-300-core-i7-11800h-16gb-512gb-rtx-3060
44712734,Laptop Gaming cũ ASUS ROG Strix G15 Ryzen 9-5900HX | 16GB | 512GB | RTX 3060 Mobile | 15.6 Inch 2K 165Hz,ASUS,Laptop,Gaming,Cũ,6 Tháng,AMD Ryzen 9-5900HX,16GB 3200MHz DDR4,512GB PCIe NVMe,NVIDIA RTX 3060 Mobile,15.6 Inch 2K 165Hz,25880000,30560000,no,0,https://laptoptv.vn/asus-rog-strix-g15-ryzen-9-5900hx-ram-16gb-ssd-512gb-rtx-3060-15-6-inch-2k-165hz
44713020,[Like New] Dell Precision 5570 Core i7-12700H | 16GB | 512GB | RTX A2000 | 15.6 inch FHD,Dell,Laptop,Đồ hoạ,Likenew,6 Tháng,Intel Core i7,16GB DDR4,512GB Nvme,RTX A2000,15.6 inch FHD,25990000,42890000,no,0,https://laptoptv.vn/laptop-cu-dell-precision-5570-core-i9-12900h-man-hinh-15-6-inch-fhd
44712891,[New 100%] Asus TUF A15 Ryzen 7-7435HS | 16GB | 512GB | RTX 4060 8GB | 15.6 inch FHD IPS 144Hz,Asus,Laptop,Gaming,Mới,12 Tháng,AMD Ryzen 7-7435HS,16GB DDR4,512GB NVMe,RTX 4060 8GB,15.6 inch 144Hz,25990000,28990000,no,0,https://laptoptv.vn/laptop-cu-gaming-asus-tuf-a15-ryzen-7-7435hs-16gb-512gb-rtx-4060-8gb-15-6-fhd-ips-144hz
58595396,[LikeNew] Dell XPS 13 Plus 9320 Core i7-1260P | 16GB | 512GB | 13.4 inch 3K OLED Touch,Dell,Laptop,Cao cấp,Likenew,6 Tháng,intel Core i7-1260P,16GB DDR5,512GB SSD NVMe PCIe,Intel Iris Xe Graphics,13.4 inch 3K OLED Touch,26180000,38980000,no,0,https://laptoptv.vn/likenew-dell-xps-13-plus-9320-core-i7-1260p-16gb-512gb-13-4-inch-3k-oled-touch
53458169,[Like New] Dell XPS 13 Plus 9320 Core i7-1260P | 16GB | 512GB | 4K | Màu xanh đen,Dell,Laptop,Cao cấp,Likenew,6 Tháng,intel Core i7-1260P,16GB DDR5,512GB SSD NVMe PCIe,Intel Iris Xe Graphics,13.3 inch FHD,26280000,38980000,no,0,https://laptoptv.vn/like-new-dell-xps-13-plus-9320-core-i7-1260p-16gb-512gb-4k-mau-xanh-den
69333295,"[Like New] Dell Precision 7560 (Xeon W-11855M, 32GB, 512GB, RTX A3000, 15.6 FHD)",Dell,Laptop,Đồ hoạ,Likenew,6 Tháng,Xeon W-11955M,32GB DDR4 3200MHZ,512GB NVMe PCIe,NVIDIA RTX A3000 6GB,15.6 inch FHD,26480000,33889999,no,0,https://laptoptv.vn/copy-of-like-new-dell-precision-7560-xeon-w-11955m-32gb-512gb-rtx-a3000-15-6-fhd
78896023,Dell Precision 5470 | Core i7-12700H | RAM 32GB | SSD 512B | RTX A1000 4GB | 14inch FHD,Dell,Laptop,Laptop,Cũ,6 Tháng,i7-12700H,32GB,512GB,RTX A1000 4GB,14 inch FHD,26490000,28890000,no,0,https://laptoptv.vn/dell-precision-5470-core-i7-12700h-ram-32gb-ssd-512b-rtx-a1000-4gb-14inch-fhd
55573269,[New100%] HP OmniBook X Flip 2in1  Ryzen AI 7 350 | 24GB | 1TB | 14 inch FHD+ Touch | Meteor Silver,HP,Laptop,Xoay gập,Mới,12 Tháng,Ryzen AI 7 350,24GB DDR4,1TB NVMe PCIe,Intel Graphics,14 inch Cảm ứng,26490000,29980000,yes,5,https://laptoptv.vn/new100-hp-omnibook-x-flip-2in1-ryzen-ai-7-350-24gb-1tb-14-inch-fhd-touch-meteor-silver
60071344,[New100%] Lenovo  Lecoo Pro 14 2025 Ryzen 7 H 255 | 24GB | 1TB | AMD Radeon 780M | 14 inch 2K+ 120Hz,,,?,Mới,12 Tháng,AMD Ryzen 7 H 255,24GB DDR5 5600 MHz,1T PCle,NVIDIA® GeForce RTX 5060,14″ 2K 120Hz,26680000,29890000,no,0,https://laptoptv.vn/new100-lenovo-gaming-pro-14-2025-ryzen-7-h-255-32gb-1tb-amd-radeon-780m-14-inch-2k-120hz
56900774,[New 100%] HP Victus 16-r0360TX Core i7-13620H | 16GB | 1TB | RTX 4060 8GB | 16 inch 2K+ 240Hz,HP,Laptop,Gaming,Mới,12 Tháng,i7-13620H,8GB,1TB NVMe PCIe,,15.6 inch FHD 144hz,26680000,30890000,no,0,https://laptoptv.vn/new-100-hp-victus-16-r0360tx-core-i7-13620h-16gb-1tb-rtx-4060-8gb-16-inch-2k-240hz
57894142,[New100%] Lenovo Ideapad 5 Pro 2025 14GT AI | Xiaoxin Pro 14 GT AI | Ultra 5 225H | 32GB | 1TB | 14inch 2.8K OLED,Lenovo,Laptop,Cao cấp,Mới,12 Tháng,AMD Ryzen 7-8745H,24GB DDR4,1TB NVMe PCIe,Intel® Arc™ 130T GPU,14 inch 2.8K OLED,26890000,29680000,no,0,https://laptoptv.vn/new100-lenovo-ideapad-5-pro-2025-14gt-ai-xiaoxin-pro-14-gt-ai-ultra-5-225h-32gb-1tb-14inch-2-8k-oled
44712940,[New 100%] Laptop Dell Inspiron 14 5440 7FN5J Core 7-150U | 16GB | 1TB | 14 inch FHD+ | Win 11,Dell,Laptop,Cao cấp,Mới,12 Tháng,Intel Core 7-150U,16GB DDR5,1TB Nvme,onboard,14 inch FHD+,26980000,31690000,no,0,https://laptoptv.vn/new-100-laptop-dell-inspiron-14-5440-7fn5j-core-7-150u-16gb-1tb-14-inch-fhd-win-11
60211338,[Like New] Laptop Dell XPS 9345 2024 Snapdragon X Elite | 16GB | 512GB | FHD+,Dell,Laptop,Cao cấp,Likenew,12 Tháng,Intel® Core™ Ultra7 155H,16GB DDR5,512 GB NVMe,Qualcomm Adreno,13.4 inch FHD+,27280000,39660000,no,0,https://laptoptv.vn/like-new-laptop-dell-xps-9345-2024-snapdragon-x-elite-16gb-512gb-fhd
79388346,[New 100%] Laptop ThinkBook 14 G8 AHP Ryzen 7-H255 | 32GB | 512GB | 14 inch 3K IPS 120Hz,Lenovo,Laptop,Cao cấp,Mới,12 Tháng,Core 5 220H,16GB DDR5,512GB Nvme,onboard,14inch 2.5K,27390000,29880000,no,0,https://laptoptv.vn/new-100-laptop-thinkbook-14-g8-ahp-ryzen-7-h255-32gb-512gb-14-inch-3k-ips-120hz
45081519,[Like new] Dell Gaming G15 5530 2023 Core i7-13650HX | 16GB | 1TB | RTX 4060 8GB | 15.6 inch FHD 165Hz,Dell,Laptop,Laptop,Likenew,6 Tháng,intel core i7 13650HX,16GB,1TB,,15 inch,27580000,31890000,no,0,https://laptoptv.vn/new-100-dell-gaming-g15-5530-2023-core-i7-13650hx-16gb-1tb-rtx-4060-8gb-15-6-inch-fhd-165hz
44712677,Laptop cũ Asus ROG Zephyrus G14 Ryzen 7-5800HS | 16GB | 512GB | RTX 3050 | 15.6 inch FHD 144Hz,Asus,Laptop,Gaming,Cũ,6 Tháng,Ryzen 7-5800HS,16GB DDR4 2666MHz,512GB M.2 PCIe NVMe Class 35,NVIDIA RTX 3060 6GB,"14.0"" FHD (1920 x 1080) 144Hz",27690000,28690000,no,0,https://laptoptv.vn/asus-rog-zephyrus-g14-ryzen-7-5800hs-16gb-512gb
44712640,[New 100%] Laptop ThinkBook 16 G4+ Core i5-12500H | 16G | 512G | RTX 2050 4G | 16.0 inch 2.5K,Lenovo,Laptop,Cao cấp,Mới,12 Tháng,Intel Core I5-12500H,16GB DDR4 3200 MHz,SSD M.2 NMVe 512GB,,16 inch FHD,27690000,31690000,no,0,https://laptoptv.vn/thinkbook-16-g4-iap-intel-core-i5-12500h-16g-512g-rtx-2050-4g-16-0-inch-2-5k
86962732,[Like new] Dell G16 7630 Core i7-13650HX | 16GB | 1TB | RTX4060 2K 165HZ,Dell,Laptop,Laptop,Likenew,6 Tháng,i7-13650HX,16GB,1TB,RTX 4060 8GB,16 inch 2K 165Hz,28680000,0,no,0,https://laptoptv.vn/like-new-dell-g16-7630-core-i7-13650hx-16gb-1tb-rtx4060-2k-165hz
44744046,[New 100%] Laptop ThinkBook 14 G8 IRL Core 5 220H | 16GB | 512B | 14 inch 2.5K+ IPS 120Hz,Lenovo,Laptop,Cao cấp,Mới,12 Tháng,Core 5 220H,16GB DDR5,512GB Nvme,onboard,14inch 2.5K,28680000,31950000,no,0,https://laptoptv.vn/new-100-laptop-thinkbook-14-g8-irl-core-5-220h-16gb-1tb-14-inch-2-5k-ips-120hz
44713085,[New100%] Laptop Samsung Galaxy Book 3 X360 Core i7-1360P | 16GB | 512GB | 13.3 inch AMOLED,Samsung,Laptop,Xoay gập,Mới,12 Tháng,intel Core i7-1360P,16GB ĐR5,512GB Nvme,onboard,13 inch,28680000,29890000,no,0,https://laptoptv.vn/new100-laptop-samsung-galaxy-book-3-x360-core-i7-1360p-16gb-512gb-man-hinh-13-3-inch-amoled
44712726,[New100%] Laptop Gaming Acer Predator Helios Neo 2023 Core i7-13700HX | 16GB | 512GB | RTX 4050 6GB | 15.6 inch FHD 165Hz,Acer,Laptop,Gaming,Mới,12 Tháng,Intel Core i7-13700HX,16GB DDR5,512GB M.2 PCIe NVMe,NVIDIA RTX 4050 6GB,15.6 inch FHD,28880000,35690000,no,0,https://laptoptv.vn/acer-predator-helios-neo-2023-core-i7-13700hx-16gb-512gb-rtx-4050
57981975,[New 100%] Laptop Lenovo Thinkbook X AI 2024  Intel Ultra 9 185H | 16GB | 1TB | Intel Arc Graphics | 13.5 inch 2K+ IPS 120Hz,Lenovo,Laptop,Cao cấp,Mới,12 Tháng,Intel Ultra 9-185H,32GB LPDDR5,1TB NVMe,Intel Graphics,,28890000,37680000,no,0,https://laptoptv.vn/new-100-laptop-lenovo-thinkbook-x-ai-2024-intel-ultra-9-185h-32gb-1tb-intel-arc-graphics-13-5-inch-2k-ips-120hz
44712791,[Likenew] Laptop Dell XPS 9320 Core i7-1360P | RAM 16GB | SSD 512GB | 13 inch 3.5K Touch,Dell,Laptop,Cao cấp,Likenew,6 Tháng,intel Core i7-1360P,16GB DDR4,512GB SSD NVMe PCIe,Intel Iris Xe Graphics,13 inch 3.5K,28980000,41880000,yes,0,https://laptoptv.vn/new-100-laptop-dell-xps-9320-core-i7-1360p-ram-16gb-ssd-512gb-iris-xe-graphics-man-hinh-13-inch-3-5k-touch
44712745,[Like New] Laptop Dell XPS 9340 2024 Core Ultra 7 155H | 16GB | 512GB | 13.4 inch FHD+,Dell,Laptop,Cao cấp,Likenew,12 Tháng,Intel® Core™ Ultra7 155H,16GB DDR5,512 GB NVMe,Intel® Arc™ graphics,13.4 inch FHD+,28980000,42990000,no,0,https://laptoptv.vn/dell-xps-9340-2024-core-ultra-7-155h-16gb-512gb-man-hinh-13-4-inch-fhd
44713018,[Like New] Dell Precision 5570 Core i9-12900H | 32GB | 1TB| RTX A2000 | 15.6 inch FHD,Dell,Laptop,Đồ hoạ,Likenew,6 Tháng,Intel Core i9-12900H,32GB DDDR4,1TB NVMe,RTX A2000,15.6 inch FHD,29490000,56880000,no,0,https://laptoptv.vn/new-100-dell-precision-5570-core-i9-12900h-32gb-1tb-rtx-a2000-15-6-inch-fhd
44712779,[New100%] Laptop Lenovo LOQ 2024 Ryzen 7-7840HS | 16GB | 512GB | RTX 4050 6GB | 15.6 inch FHD 144hz,Lenovo,Laptop,Gaming,Mới,12 Tháng,AMD Ryzen -7840HS,16GB DDR4,512GB NVMe,Nvidia RTX 4050 6G,15.6 inch 144Hz,29490000,29890000,no,0,https://laptoptv.vn/new100-laptop-lenovo-loq-2024-ryzen-7-7840hs-16gb-512gb-rtx-4050-6gb-15-6-inch-fhd-144hz
44712737,[New100%] Laptop Gaming Asus TUF F15 Core i7-13620H | 16GB | 512GB | RTX 4060 | 15.6 inch FHD,Asus,Laptop,Gaming,Mới,12 Tháng,Inel Core i7-13620H,16GB DDR5,512GB M.2 PCIe NVMe,NVIDIA RTX 4060,15.6 inch FHD,29780000,31990000,no,0,https://laptoptv.vn/asus-tuf-f15-core-i7-13620h-16gb-512gb-rtx-4060
44712775,[New100%] Laptop Lenovo LOQ 2024 15ARP9 Ryzen 7-7435HS | 16GB | 512GB | RTX 4060 8GB | 15.6 inch FHD 144hz,Lenovo,Laptop,Gaming,Mới,12 Tháng,AMD Ryzen 7-7435HS,16GB DDR4,512GB Nvme,NVIDIA RTX 4060,15.6 inch 144Hz,29880000,32890000,no,0,https://laptoptv.vn/new100-laptop-lenovo-loq-2024-15arp9-ryzen-7-7435hs-16gb-512gb-rtx-4060-8gb-15-6-inch-fhd-144hz
59652035,[New100%] Laptop Lenovo LOQ 2024  15AHP9  Ryzen 7-8845HS | 16GB | 1TB | RTX 4060 6GB | 15.6 inch FHD 144Hz | Xám,Lenovo,Laptop,Gaming,Mới,12 Tháng,AMD Ryzen 7-8845HS,16GB DDR4,1TB NVMe PCIe,NVIDIA RTX 4060,15.6 inch 144Hz,29890000,32680000,no,0,https://laptoptv.vn/new100-laptop-lenovo-loq-2024-15ahp9-ryzen-7-8845hs-16gb-1tb-rtx-4060-6gb-15-6-inch-fhd-144hz-xam-new100-laptop-lenovo-loq-2024-15arp9
44712795,[Open box] Laptop Dell XPS 9320 Core i7-1360P | 16GB | 512GB | 13.3 inch 4K IPS,Dell,Laptop,Cao cấp,?,6 Tháng,intel Core i7-1360P,16GB DDR4,512GB SSD NVMe PCIe,Intel Iris Xe Graphics,13.3 inch FHD,29990000,35980000,no,0,https://laptoptv.vn/open-box-laptop-dell-xps-9320-core-i7-1360p-16gb-512gb-13-3-inch-4k-ips
58665400,[Like New] Laptop Dell Latitude 9450 2in1 Core Ultra 7- 165U vPro | 16GB | 512GB | 14 inch QHD+ Cảm ứng,Dell,Laptop,Xoay gập,Likenew,6 Tháng,Intel Core Ultra 7 165U vPro,16GB DDR4,512GB  NVMe PCIe,Intel Iris Xe Graphics,14 inch 2.5K Cảm ứng,30390000,56690000,no,0,https://laptoptv.vn/like-new-laptop-dell-latitude-9450-2in1-core-ultra-7-165u-vpro-16gb-512gb-14-inch-qhd-cam-ung
90352246,[New 100%] Lenovo LOQ Essential 15ARP10E 83S000C2IN | Ryzen 7 170 | 16GB | 512GB | RTX 4050 6GB | Màn hình 15.6 FHD 144Hz,,,?,Mới,12 Tháng,Ryzen 7 170,16GB,512GB,RTX 4050 6GB,15.6 inch FHD 144Hz,30980000,0,no,0,https://laptoptv.vn/new-100-lenovo-loq-essential-15arp10e-83s000c2in-ryzen-7-170-16gb-512gb-rtx-4050-6gb-man-hinh-15-6-fhd-144hz
46229786,[New 100%] ThinkBook 16P G5 IRX (AI) (2025) Core i7-14650HX | 16GB | 1TB | RTX 4060 8G | 16 inch 3.2K 165Hz Titan,Lenovo,Laptop,Cao cấp,Mới,12 Tháng,Intel Core i7-14650HX,16GB DDR5,1TB NVMe,RTX 4060 8G,16 inch 3K 165Hz,31480000,42400000,no,0,https://laptoptv.vn/new-100-laptop-thinkbook-16-g6-abp-ryzen-7-7735u-16gb-1tb-16-inch-2-5k-100-srgb-1
44712735,[New100%] Laptop Laptop Asus ROG Strix G16 Core i5-13450HX | 16GB | 512GB | RTX 4050 | 16 inch FHD+ 165Hz,Asus,Laptop,Gaming,Mới,12 Tháng,Intel Core i5-13450HX,8GB DDR5 4800Mhz,512GB PCIe® 4.0 NVMe™ M.2,NVIDIA® GeForce RTX™ 4050 6GB GDDR6,16-inch FHD+ (WUXGA) (1920 x 1200) 16:10,31490000,31490000,no,0,https://laptoptv.vn/new100-laptop-laptop-asus-rog-strix-g16-core-i5-13450hx-16gb-512gb-rtx-4050-16-inch-fhd-165hz
62845908,[New 100%] Lenovo Yoga Pro 7 14ASP9 83HN0022VN Ryzen™ AI 9 365 | 32GB | 1TB | AMD Radeon™ 880M | 14.5 inch 2.8K OLED 120Hz | Win 11 | Office | Xám,Lenovo,Laptop,Laptop,Mới,12 Tháng,Integrated AMD Radeon™ 880M,16GB LPDDR5-6400MHz,1TB,onboard,14.5 inch 2.8K OLED 120Hz,31680000,46890000,no,0,https://laptoptv.vn/new-100-lenovo-yoga-pro-7-14asp9-83hn0022vn-ryzen-ai-9-365-32gb-1tb-amd-radeon-880m-14-5-inch-2-8k-oled-120hz-win-11-office-xam
59296834,[Like New] Laptop Dell Latitude 9450 2in1 Core Ultra 7- 165U vPro | 32GB | 512GB | 14 inch QHD+ Cảm ứng,Dell,Laptop,Xoay gập,Likenew,6 Tháng,Intel Core Ultra 7 165U vPro,32GB,512GB  NVMe PCIe,Intel Iris Xe Graphics,14 inch 2.5K Cảm ứng,31680000,56690000,no,0,https://laptoptv.vn/like-new-laptop-dell-latitude-9450-2in1-core-ultra-7-165u-vpro-32gb-512gb-14-inch-qhd-cam-ung
65058915,[Like New] Dell Precision 5570 Core i9-12900H | 32GB | 1TB| RTX A2000 | 15.6 inch 4K,Dell,Laptop,Đồ hoạ,Likenew,6 Tháng,Intel Core i9-12900H,32GB DDDR4,1TB NVMe,RTX A2000,15.6 inch FHD,31880000,56880000,no,0,https://laptoptv.vn/like-new-dell-precision-5570-core-i9-12900h-32gb-1tb-rtx-a2000-15-6-inch-4k
44712764,[New100%] Laptop Gaming Lenovo Legion 5 R7000 Ryzen 7-7735H | 16GB | 512GB | RTX 4060 8GB | 15.6 inch FHD 144Hz,Lenovo,Laptop,Gaming,Mới,12 Tháng,AMD Ryzen 7,16GB DDR4,512GB NVMe,RTX 4060 8G,15.6 inch 144Hz,31890000,31990000,no,0,https://laptoptv.vn/new100-laptop-gaming-lenovo-legion-5-r7000-ryzen-7-7735h-16gb-512gb-rtx-4060-8gb-15-6-fhd-144hz
44712747,[New 100%] Laptop Lenovo Legion Y7000 2024 Core i7-13650HX | 24GB | 512GB | RTX 4060 8GB | 15.6 inch FHD 144Hz,Lenovo,Laptop,Gaming,Mới,12 Tháng,Intel® Core i7-13650HX,24GB DDR5,512GB NVMe PCle Gen 4,RTX 4060 8G,15.6 inch 144Hz,32390000,31990000,no,0,https://laptoptv.vn/lenovo-legion-y7000-2024-core-i7-13650hx-24gb-512gb-rtx-4060-8gb-15-6-fhd-144hz
44712769,[New100%] Laptop Gaming Lenovo Legion 5 R7000 APH9 Ryzen 7-7840H | 16GB | 512GB | RTX 4060 8GB | 15.6 inch FHD 144Hz,Lenovo,Laptop,Gaming,Mới,12 Tháng,AMD Ryzen 7,16GB DDR4,512GB  NVMe PCIe,RTX 4060 8G,15.6 inch 144Hz,32880000,29880000,no,0,https://laptoptv.vn/new100-laptop-gaming-lenovo-legion-5-r7000-aph9-ryzen-7-7840h-16gb-512gb-rtx-4060-8gb-15-6-fhd-144hz
44712685,[New100%] Laptop Lenovo Legion Slim 5 Y7000P Core i7-13620H | 16GB | 1TB | NVIDIA RTX 4050 Mobile | 16 inch 2K 165Hz 100% sRGB,Lenovo,Laptop,Gaming,Mới,12 Tháng,Intel Core i7-13620H,16GB 5200MHz DDR5,1TB PCIe NVMe,NVIDIA RTX 4050 Mobile,16 inch 2K 165Hz 100% sRGB,32880000,31890000,no,0,https://laptoptv.vn/lenovo-legion-slim-5-y7000p-core-i7-13620h-16gb-1tb-4050
54106758,[New 100%] Laptop Dell XPS 9440 2024 Core Ultra 7- 155H | 16GB | 512GB | 14.5 inch FHD+ Newseal,Dell,Laptop,Laptop,Mới,12 Tháng,Intel Ultra 7-155H,16GB DDR5,512GB NVMe,Intel Graphics,14.5 inch,33480000,41999000,no,0,https://laptoptv.vn/new-100-laptop-dell-xps-9440-2024-core-ultra-7-155h-16gb-512gb-14-5-inch-fhd-newseal
44712799,Like new Lenovo Legion 5 R7000 APH9 | Ryzen 7-7840H 16GB 512GB RTX 4060 8GB 15.6'' FHD 144Hz,Lenovo,Laptop,Gaming,Likenew,6 Tháng,Ryzen 7-7840H,16GB DDR5,512GB PCIe NVMe,NVIDIA RTX 4060,16 inch 2K 144Hz,33490000,35890000,no,0,https://laptoptv.vn/new100-laptop-lenovo-legion-slim-5-gen-8-ryzen-7-7840h-16gb-1tb-4060-man-hinh-16-inch-2k-165hz-100-srgb
82730994,Dell Pro 14 Plus PB14250 2in1 Core Ultra 7 265U vPro | 32GB | 512GB | 14 inch FHD+,Dell,Laptop,Laptop,Mới,12 Tháng,Core Ultra 7 265U vPro,32GB,512GB,Arc Graphics,14 inch FHD+,33890000,35890000,no,0,https://laptoptv.vn/dell-pro-14-plus-pb14250-2in1-core-ultra-7-265u-vpro-32gb-512gb-14-inch-fhd
54416101,[New] Dell XPS 13 9345 Snapdragon X Etile | 16GB  | 512GB | 13.4inch 3K OLED,Dell,Laptop,Laptop,Mới,12 Tháng,Snapdragon X,16GB LPDDR5X,512GB NVMe,Qualcomm® Adreno™ GPU,13.4 inch 3K Cảm ứng,33980000,41999000,no,0,https://laptoptv.vn/new-dell-xps-13-9345-snapdragon-x-etile-16gb-512gb-13-4inch-3k-oled
88847855,[New 100%] Asus Zenbook 14 UX3405CA (Ai) | Core UItra 9-285H | 32GB | 1TB | 14.0 inch 3K OLed 120Hz,Asus,Laptop,Laptop,Mới,12 Tháng,Core Ultra 9-285H,32GB,1TB,Intel Arc Graphics,14.0 inch 3K OLED 120Hz,34280000,0,no,0,https://laptoptv.vn/new-100-asus-zenbook-14-ux3405ca-ai-core-uitra-9-285h-32gb-1tb-14-0-inch-3k-oled-120hz
60212420,[New100%] Lenovo Gaming Lecoo Fighter 7000 Model 2025 | Core i7-14650HX | 16GB | 1TB | RTX 5060 8GB | 16.0 inch 2.5K 180Hz,Lenovo,Laptop,Gaming,Mới,12 Tháng,Intel Core i7-14650HX,16GB DDR5 5600 MHz,1T PCle,NVIDIA® GeForce RTX 5060,16″ 2.5K 180Hz,34480000,39680000,no,0,https://laptoptv.vn/new100-lenovo-gaming-lecoo-fighter-7000-model-2025-core-i7-14650hx-16gb-1tb-rtx-5060-8gb-16-0-inch-2-5k-180hz
45080221,[New 100%] Acer Predator Triton Neo 16 PTN16-51-74VN(2024) Ultra 7-155H | 16GB | 1TB | 16.0 inch 2.5K 240Hz | RTX 4060 8G | Sliver,Acer,Laptop,Laptop,Mới,12 Tháng,Ultra 7 155H,16GB,1TB,,,34480000,39900000,no,0,https://laptoptv.vn/new-100-acer-predator-triton-neo-16-ptn16-51-74vn-2024-ultra-7-155h-16gb-1tb-16-0-inch-2-5k-240hz-rtx-4060-8g-sliver
60348758,[New 100%] Acer Shadow SH16-71-5G41 (2025) (Nitro 16) Core i7-14650HX | 16GB | 1TB | RTX 4060 | 16.0 icnh 2.5K 165Hz Black,Acer,Laptop,Laptop,Mới,12 Tháng,Intel Core i7-14650HX,16GB DDR5,1 TB PCIe NVMe,,16 inch 2K 165Hz,34680000,36890000,no,0,https://laptoptv.vn/new-100-acer-shadow-sh16-71-5g41-2025-nitro-16-core-i7-14650hx-16gb-1tb-rtx-4060-16-0-icnh-2-5k-165hz-black
58587024,[New100%] Laptop Samsung Galaxy Book 4 Pro Core Ultra 7 - 155H | 16GB | 512GB | 16 inch 3K AMOLED Touch - Silver,Samsung,Laptop,Cao cấp,Mới,12 Tháng,Core Ultra 7-155H,16G LPDDR5 6400MHz,512GB NVMe PCIe,Intel Arc Graphics,16 inch Dynamic AMOLED 3K,34680000,39990000,no,0,https://laptoptv.vn/new100-laptop-samsung-galaxy-book-4-pro-core-ultra-7-155h-16gb-512gb-16-inch-3k-amoled-touch-silver
78896278,[New100%] Lenovo Lecoo Fighter 7000 2025 | Core i7-13650HX 16GB 512GB RTX 5060 8GB 16inch 2.5K 180Hz,Lenovo,Laptop,Laptop,Mới,12 Tháng,i7-13650HX,16GB,512GB,RTX 5060 8GB,16 inch 2.5K 180Hz,34980000,36680000,no,0,https://laptoptv.vn/new100-lenovo-lecoo-fighter-7000-2025-core-i7-13650hx-16gb-512gb-rtx-5060-8gb-16inch-2-5k-180hz
44712900,[New 100%] Laptop Dell XPS 9350 Ultra 5-226V | 16GB | 512GB | 13.4 inch FHD+ 120Hz,Dell,Laptop,Laptop,Mới,12 Tháng,,16GB DDR5,512GB NVMe,Intel Arc Graphics,13.4 inch FHD+ 120Hz,34990000,41999000,no,0,https://laptoptv.vn/dell-xps-13-9350-2025-ultra-7-256v-16gb-512gb-fhd-120hz-graphite-moi-full-box-nhap-khau
56053390,[New 100%] Laptop Lenovo Legion Y7000  2025 Core i7-14650HX | 16GB | 512GB | RTX 5060 8GB | 15.3 inch 2K+ 180Hz,Lenovo,Laptop,Gaming,Mới,12 Tháng,Intel® Core i7-14650HX,16GB DDR4,512GB NVMe PCle Gen 4,RTX 4060 8G,15.3 inch 2K+ 180Hz,35780000,39690000,no,0,https://laptoptv.vn/new-100-laptop-lenovo-legion-y7000-2025-core-i7-14650hx-16gb-512gb-rtx-5060-8gb-15-3-inch-2k-180hz
44712901,[New 100%] Laptop Lenovo Thinkbook X AI 2025 Ultra 9-285H | 32GB | 1TB | 13.5 inch 2K + 120Hz,Lenovo,Laptop,Cao cấp,Mới,12 Tháng,Intel Ultra 9-285H,32GB LPDDR5,1TB NVMe,,13.3 inch 120Hz Cảm ứng,35990000,36899000,no,0,https://laptoptv.vn/new-100-lenovo-thinkbook-x-ai-00cd-2025-ultra-9-285h-32gb-1tb-intel-arc-graphics-13-5-2k-120hz-touch
44712805,[New 100%] Laptop Lenovo Legion Slim 5 Core i7-13700H | 16GB | 1TB | RTX 4060 | 16 inch 2K 165Hz 100% sRGB,Lenovo,Laptop,Gaming,Mới,12 Tháng,Intel Core i7-13700H,16GB DDR5,1TB PCIe NVMe,NVIDIA RTX 4060,16 inch 2K 165Hz,36890000,38890000,no,0,https://laptoptv.vn/new100-laptop-lenovo-legion-slim-5-core-i7-13700h-16gb-1tb-4060-man-hinh-16-inch-2k-165hz-100-srgb
59464728,[New100%] Lenovo Gaming Lecoo Fighter 7000 Model 2025 | Ryzen 9-8940HX | 16GB | 1T | RTX 5060 8GB | 16.0 inch 2.5K 180Hz,,,Gaming,Mới,12 Tháng,AMD Ryzen 9-8940HX,16GB DDR5 5600 MHz,1T PCle,NVIDIA® GeForce RTX 5060,16″ 2.5K 180Hz,36980000,40890000,no,0,https://laptoptv.vn/new100-lenovo-gaming-lecoo-fighter-7000-model-2025-ryzen-9-8940hx-16gb-1t-rtx-5060-8gb-16-0-inch-2-5k-180hz
44712888,[Like new] Laptop Acer Predator Helios Ne HN16-72-7148 Core i9-14900HX | 16GB | 1TB | RTX 4060 8gb | 16 inch  2K+ 180Hz),Acer,Laptop,Gaming,Likenew,6 Tháng,Intel Core i9-14900HX,16GB DDR4,1TB NVMe,RTX 4060 8G,16 inch 2K 180Hz,37690000,39123700,no,0,https://laptoptv.vn/new-100-laptop-acer-predator-helios-ne-hn16-72-7148-core-i9-14900hx-16gb-1tb-rtx-4060-8-2k-180hz
44712793,[New 100%] Laptop Lenovo Legion Pro 5 Y9000P Core i7-13700HX | 16GB | 1TB | RTX 4060 | 16 inch 2K 240Hz 100% sRGB,Lenovo,Laptop,Gaming,Mới,12 Tháng,intel Core i7-13700HX,16 GB DDR5,1TB PCIe NVMe,NVIDIA RTX 4060,16 inch 2K 240Hz,37890000,39890000,no,0,https://laptoptv.vn/new100-laptop-lenovo-legion-pro-5-y9000p-core-i7-13700hx-16gb-1tb-4060-man-hinh-16-inch-2k-240hz-100-srgb
44712884,[New 100%] Laptop Acer Predator Helios Ne HN16-72-7148 Core i9-14900HX | 16GB | 1TB | RTX 4060 8GB | 16 inch 2K 240Hz),Acer,Laptop,Gaming,Mới,12 Tháng,Intel Core i9-14900HX,16GB DDR5,1TB NVMe,RTX 4060 8GB,16 inch 2K 240Hz,37990000,35678540,no,0,https://laptoptv.vn/new-100-laptop-acer-predator-helios-ne-hn16-72-7148-core-i9-14900hx-16gb-1tb-rtx-4060-8gb-240hz
58428572,[New 100%] Acer Shadow SH16-74-7G41 (Nitro 16) Core i7-14650HX | Ram 16GB | SSD 1TB | RTX 5060 8G | 16.0 icnh 2.5K 240Hz Black,Acer,Laptop,Laptop,Mới,12 Tháng,Ultra 7 155H,16GB DDR5,1 TB PCIe NVMe,,,38390000,41900000,no,0,https://laptoptv.vn/new-100-acer-shadow-sh16-74-7g41-2025-nitro-16-core-i7-14650hx-16gb-1tb-rtx-5060-8g-16-0-icnh-2-5k-240hz-black
44712797,[Like New]  Lenovo Legion Pro 5 R9000P 2024 Ryzen 9-7945HX | 16GB | 1TB | RTX 4060 8GB | 16 WQXGA 240Hz Glacier White,Lenovo,Laptop,Gaming,Likenew,6 Tháng,AMD Ryzen 9-7945HX,16GB DDR5,1TB PCIe NVMe,RTX 4060,16 inch 2K 240Hz,38690000,41590000,no,0,https://laptoptv.vn/like-new-laptop-lenovo-legion-pro-5-r9000p-ryzen-9-7945hx-16gb-1tb-rtx-4060-16-inch-2k-240hz-100-srgb
57702579,[New 100%] Laptop Lenovo Legion Y7000 IRX10  Core i7-13650HX | 24GB | 512GB | RTX 5060 | 15.3 inch FHD 165Hz  Black,Lenovo,Laptop,Gaming,Mới,12 Tháng,Intel® Core i7-13650HX,24GB DDR5,512GB NVMe PCle Gen 4,RTX 4060 8G,15.3 inch FHD 165Hz,39880000,42890000,no,0,https://laptoptv.vn/new-100-laptop-lenovo-legion-y7000-irx10-core-i7-13650hx-24gb-512gb-rtx-5060-15-3-inch-fhd-180hz-black
81158338,[New 100%] Thinkbook 16P G6 ADR (2026) (Ai) | Ryzen 9-8945HX | 16GB | 1TB | RTX 5060 8G | 16.0 inch 2.5K 165Hz,Lenovo,Laptop,Laptop,Mới,,,,,,,39890000,38890000,no,0,https://laptoptv.vn/new-100-thinkbook-16p-g6-adr-2026-ai-ryzen-9-8945hx-16gb-1tb-rtx-5060-8g-16-0-inch-2-5k-165hz
58587777,[New100%] Laptop Samsung Galaxy Book 5 Pro 16 360 Ultra 7-256V | 16GB |512GB | 16 inch 3K AMOLED 120 Hz,Samsung,Laptop,Cao cấp,Mới,12 Tháng,Ultra 7-256V,16G LPDDR5 6400MHz,512GB NVMe PCIe,Intel Graphics,16 inch 3K AMOLED,41500000,58990000,no,0,https://laptoptv.vn/new100-laptop-samsung-book-5-pro-16-360-ultra-7-256v-16gb-512gb-16-inch-3k-amoled-120-hz
61066529,[Like new] Dell Precision 7560 Core i9- 11950H | 64GB | 1TB | RTX A4000 | 15.6 inch FHD,Dell,Laptop,Đồ hoạ,Likenew,6 Tháng,Core i9-11950H,64GB DDR4 3200MHZ,,NVIDIA RTX A4000 6GB,15.6 inch FHD,41980000,54890000,no,0,https://laptoptv.vn/laptop-cu-dell-precision-7560-core-i9-11950h-64gb-1tb-rtx-a4000-15-6-inch-fhd
44712880,[New 100%] Laptop Acer Predator Helios Ne HN16-72-7148 Core i9-14900HX | 16GB | 1TB | RTX 4070 8GB | 16 inch 2K 240Hz,Acer,Laptop,Gaming,Mới,12 Tháng,intel Core i9-14900HX,16 GB DDR5,1 TB Nvme,NVIDIA GeForce RTX 4060 8GB,16 inch 2k+,42890000,42569000,no,0,https://laptoptv.vn/new-100-laptop-acer-predator-helios-ne-hn16-72-7148-core-i9-14900hx-16gb-1tb-rtx-4070-8gb-240hz
44712694,Laptop cũ Dell Precision 7770 Core i7-12850HX | 32GB | 512GB | RTX A3000 12GB | 17.3 inch FHD,Dell,Laptop,Đồ hoạ,Cũ,6 Tháng,Intel Core i7-12850HX,32GB DDR5,512GB NVMe PCIe,NVIDIA RTX A3000 12GB,17.3 inch FHD,44880000,54490000,no,0,https://laptoptv.vn/dell-precision-7770-core-i7-12850hx-32gb-512gb-a3000-12gb-17-3-inch
60216396,[New 100%] Lenovo Legion R7000P 2025_16ADR10 Ryzen 9-8940HX | 16G |  1TB | RTX 5060 8G | 16inch  2.5K 240Hz,Lenovo,Laptop,Gaming,Mới,12 Tháng,AMD Ryzen 9-8940HX,16GB DDR4,512GB NVMe PCle Gen 4,RTX 5060 8GB,16inch 2K+ 240Hz,52980000,56880000,no,0,https://laptoptv.vn/new-100-legion-r7000p-2025-16adr10-ryzen-9-8940hx-16g-1tb-rtx-5060-8g-16inch-2-5k-240hz
78204962,[New 100%] Laptop Lenovo Legion Y7000P 2025 Core i9-14900HX | 16GB | 1TB | RTX 5060 8GB | 16 2K+ 240Hz,Lenovo,Laptop,Gaming,Mới,12 Tháng,,16GB DDR4,512GB NVMe PCle Gen 4,RTX 4060 8G,16inch 2K+ 240Hz,53990000,48880000,no,0,https://laptoptv.vn/new-100-laptop-lenovo-legion-y7000p-2025-core-i9-14900hx-16gb-1tb-rtx-5060-8gb-16-2k-240hz
56994066,[New 100%] Laptop Lenovo Legion Y7000P 2025 Core i9-14900HX | 16GB | 1TB | RTX 5070 8GB | 16 2K+ 240Hz,Lenovo,Laptop,Gaming,Mới,12 Tháng,,16GB DDR4,512GB NVMe PCle Gen 4,RTX 4060 8G,16inch 2K+ 240Hz,54390000,58880000,no,0,https://laptoptv.vn/new-100-laptop-lenovo-legion-y7000p-2025-core-i9-14900hx-16gb-1tb-rtx-5070-8gb-16-2k-240hz
60221176,[Open Box] Laptop Dell XPS 9340 2024 Core Ultra 7 155H | 64GB | 1TB | 13.4 inch QHD+ Touch | Graphite,Dell,Laptop,Cao cấp,Mới,12 Tháng,Intel® Core™ Ultra7 155H,16GB DDR5,1TB M.2 PCIe NVMe,Intel® Arc™ graphics,13.4 inch FHD+,54680000,63260000,no,0,https://laptoptv.vn/open-box-laptop-dell-xps-9340-2024-core-ultra-7-155h-64gb-1tb-13-4-inch-qhd-touch-graphite
60224603,[New 100%] DELL 14 Premium DA14250 (2025) - INTEL ® Core™ Ultra7 255H | 32GB | 1TB SSD | INTEL ARC GRAPHICS | 14.5 inch 2K 120Hz | GRAPHITE,Dell,Laptop,Cao cấp,Mới,12 Tháng,Intel® Core™ Ultra7 255H,32GB DDR5,1TB M.2 PCIe NVMe,Intel Arc Graphics,14.5 inch OLED 3.2K Touch,56890000,68999000,no,0,https://laptoptv.vn/new-100-dell-14-premium-da14250-2025-intel-core-ultra7-255h-32gb-1tb-ssd-intel-arc-graphics-14-5-inch-2k-120hz-graphite-1
57674734,[New 100%] Laptop Dell XPS 9350 Core Ultra 7- 256V | 16GB | 512GB | 13.4 inch FHD + 120Hz  Graphite,Dell,Laptop,Cao cấp,Mới,12 Tháng,Intel® Core™ Ultra7 155H,16GB,512 GB NVMe,Intel® Arc™ graphics,13.4 inch FHD 120Hz,57680000,66890000,no,0,https://laptoptv.vn/new-100-laptop-dell-xps-9350-core-ultra-7-256v-16gb-512gb-13-4-inch-fhd-120hz-graphite
60353138,[New 100%] Laptop Dell XPS 9350 Core Ultra 7- 256V | 32GB | 1TB | 13.4 inch 3K Oled + 120Hz  With,Dell,Laptop,Cao cấp,Mới,12 Tháng,Intel® Core™ Ultra7 155H,16GB,1TB M.2 PCIe NVMe,Intel® Arc™ graphics,13.4 inch 3K OLED,62880000,80680000,no,0,https://laptoptv.vn/new-100-laptop-dell-xps-9350-core-ultra-7-256v-32gb-1tb-13-4-inch-3k-oled-120hz-with
60348905,[New 100%] Laptop Dell XPS 9350 Core Ultra 7- 258V | 32GB | 1TB | 13.4 inch 3K Oled + 120Hz  With,Dell,Laptop,Cao cấp,Mới,12 Tháng,Intel® Core™ Ultra7 155H,16GB,1TB M.2 PCIe NVMe,Intel® Arc™ graphics,13.4 inch 3K OLED,64880000,89680000,no,0,https://laptoptv.vn/new-100-laptop-dell-xps-9350-core-ultra-7-258v-32gb-1tb-13-4-inch-3k-oled-120hz-with
60223121,[New 100%] Dell Premium 16 Ultra 7-255H | 32GB | 1TB | RTX 5050 8GB | 16.3 inch OLED Touch 4K,Dell,Laptop,Cao cấp,Mới,12 Tháng,Intel® Core™ Ultra7 255H,16GB DDR5,1TB NVMe PCIe,RTX 5050,16.3 inch 4K OLED Cảm ứng,88680000,108680000,no,0,https://laptoptv.vn/new-100-dell-premium-16-ultra-7-255h-32gb-1tb-rtx-5050-8gb-16-3-inch-oled-touch-4k
